"Date","N1","N2","N3","N4","N5","N6","N7"
1988-01-04,3,42,28,36,48,37,NA
1988-01-07,10,26,29,43,4,31,NA
1988-01-11,24,30,40,45,48,4,NA
1988-01-14,1,6,27,31,39,46,NA
1988-01-18,10,21,29,32,44,45,NA
1988-01-21,16,21,30,35,7,27,NA
1988-01-25,1,5,19,37,45,18,NA
1988-01-28,7,16,44,4,13,39,NA
1988-02-01,15,38,36,37,39,20,NA
1988-02-04,10,16,32,42,49,4,NA
1988-02-08,12,29,42,25,19,36,NA
1988-02-11,1,15,32,47,26,36,NA
1988-02-15,14,49,29,4,18,40,NA
1988-02-22,8,34,15,2,11,13,NA
1988-02-25,7,29,21,4,11,22,NA
1988-02-29,24,47,10,27,36,39,NA
1988-03-03,8,10,15,25,19,31,NA
1988-03-07,6,21,25,38,20,39,NA
1988-03-10,3,25,29,1,9,20,NA
1988-03-14,8,12,15,41,14,28,NA
1988-03-17,6,12,26,29,34,32,NA
1988-03-21,10,29,42,8,31,48,NA
1988-03-24,7,29,35,13,22,11,NA
1988-03-28,1,3,26,41,25,9,NA
1988-03-31,15,21,49,40,45,28,NA
1988-04-04,12,24,29,37,40,45,NA
1988-04-07,6,7,14,30,36,22,NA
1988-04-11,8,43,29,13,45,48,NA
1988-04-14,17,30,41,23,2,46,NA
1988-04-18,16,24,33,44,23,45,NA
1988-04-21,16,23,1,11,40,46,NA
1988-04-25,8,16,34,35,5,9,NA
1988-04-28,24,25,30,33,13,48,NA
1988-05-02,6,23,24,25,47,44,NA
1988-05-05,6,10,12,32,16,48,NA
1988-05-09,21,24,32,38,45,11,NA
1988-05-12,17,29,42,2,28,9,NA
1988-05-16,1,6,8,21,4,22,NA
1988-05-19,5,25,35,44,19,31,NA
1988-05-23,15,44,47,12,9,48,NA
1988-05-26,7,12,38,28,39,37,NA
1988-05-30,14,24,25,33,36,40,NA
1988-06-02,6,10,29,34,42,18,37
1988-06-06,5,16,29,38,39,40,22
1988-06-09,6,16,30,13,19,27,36
1988-06-13,12,30,25,2,9,31,40
1988-06-16,6,16,29,32,9,22,31
1988-06-20,1,14,23,34,2,19,11
1988-06-23,16,32,2,27,31,37,4
1988-06-27,3,14,24,34,33,13,37
1988-06-30,10,17,21,35,22,39,18
1988-07-04,16,34,7,11,19,22,28
1988-07-07,5,17,26,11,19,28,2
1988-07-11,1,12,29,2,11,19,28
1988-07-14,7,12,24,38,21,11,37
1988-07-18,5,12,23,29,34,11,18
1988-07-21,1,5,21,24,42,12,39
1988-07-25,10,14,16,23,1,13,39
1988-07-28,1,8,12,41,24,28,40
1988-08-01,8,12,24,26,38,10,40
1988-08-04,6,24,26,33,29,2,9
1988-08-08,12,30,38,42,4,19,31
1988-08-11,25,33,35,41,42,28,39
1988-08-15,10,14,23,38,2,28,40
1988-08-18,6,24,32,35,13,31,27
1988-08-22,5,32,35,1,9,20,36
1988-08-25,1,7,10,12,14,16,13
1988-08-29,12,14,24,34,41,37,4
1988-09-01,10,42,9,13,18,19,2
1988-09-05,1,14,24,35,41,11,31
1988-09-08,1,12,21,23,29,27,39
1988-09-12,30,32,33,9,28,40,22
1988-09-15,8,16,17,32,23,11,13
1988-09-19,3,29,42,16,4,11,31
1988-09-22,1,15,41,10,9,19,36
1988-09-26,14,24,42,17,4,18,31
1988-09-29,1,24,35,38,3,22,28
1988-10-03,6,8,16,17,32,2,20
1988-10-06,6,10,16,29,35,42,19
1988-10-10,6,10,15,35,12,36,37
1988-10-13,5,8,10,15,34,41,12
1988-10-17,8,15,32,38,11,27,39
1988-10-20,10,29,42,4,11,39,40
1988-10-24,5,16,32,33,26,9,22
1988-10-27,6,23,16,11,18,19,40
1988-10-31,23,29,34,12,13,18,19
1988-11-03,1,21,34,10,18,20,27
1988-11-07,14,42,29,2,4,13,40
1988-11-10,17,38,42,32,27,31,37
1988-11-14,1,3,34,9,22,36,4
1988-11-17,12,25,26,30,35,22,39
1988-11-21,7,30,2,4,11,19,27
1988-11-24,34,35,38,24,2,13,27
1988-11-28,10,25,6,2,9,20,37
1988-12-01,3,8,25,34,13,22,18
1988-12-05,6,14,17,23,24,26,32
1988-12-08,23,32,41,16,13,36,37
1988-12-12,24,30,42,25,4,11,37
1988-12-15,6,8,10,16,32,35,19
1988-12-19,3,5,15,34,2,9,39
1988-12-22,12,32,29,19,27,28,31
1988-12-26,15,21,42,18,27,28,36
1988-12-29,14,16,26,35,3,18,31
1989-01-02,1,3,6,10,30,8,13
1989-01-05,12,15,30,33,38,9,27
1989-01-09,3,5,10,26,6,22,40
1989-01-12,33,34,11,22,27,36,39
1989-01-16,1,10,12,16,34,39,37
1989-01-19,6,26,42,21,19,20,31
1989-01-23,17,21,29,38,41,18,40
1989-01-26,15,26,30,32,38,4,39
1989-01-30,3,12,32,24,28,31,40
1989-02-02,8,16,34,19,20,39,2
1989-02-09,6,8,16,30,32,37,40
1989-02-13,12,21,24,30,20,40,9
1989-02-16,14,16,33,4,13,20,2
1989-02-20,21,33,35,16,9,18,31
1989-02-23,1,3,26,4,20,27,36
1989-02-27,23,29,30,41,11,27,40
1989-03-02,14,25,32,33,34,15,40
1989-03-06,8,29,32,20,22,28,39
1989-03-09,7,8,21,29,13,37,27
1989-03-13,6,10,33,35,23,2,40
1989-03-16,25,29,30,35,19,20,22
1989-03-20,17,21,23,25,35,7,37
1989-03-23,12,15,42,5,18,19,31
1989-03-27,14,16,29,32,25,4,31
1989-03-30,24,35,38,21,4,19,37
1989-04-03,10,12,15,42,24,18,31
1989-04-06,17,21,24,19,20,40,37
1989-04-10,7,26,30,32,11,40,31
1989-04-13,3,5,24,38,41,40,19
1989-04-17,16,17,25,33,14,27,28
1989-04-20,1,21,30,27,36,37,28
1989-04-24,8,12,15,1,11,28,31
1989-04-27,21,33,9,27,37,39,40
1989-05-01,12,14,34,33,4,22,37
1989-05-04,1,6,8,12,24,17,11
1989-05-08,6,23,30,41,42,26,36
1989-05-11,10,14,26,33,41,19,27
1989-05-15,10,26,32,42,25,11,20
1989-05-18,5,7,10,24,25,42,23
1989-05-22,12,33,23,2,11,28,37
1989-05-25,12,42,29,19,20,27,40
1989-05-29,10,25,23,2,4,19,36
1989-06-01,6,23,26,9,11,31,18
1989-06-05,3,12,15,30,33,26,11
1989-06-08,35,42,17,13,19,27,40
1989-06-12,3,7,8,21,30,13,19
1989-06-15,26,29,38,1,9,19,22
1989-06-19,6,17,29,32,4,19,13
1989-06-22,29,32,42,8,4,31,36
1989-06-26,12,14,15,16,23,35,42
1989-06-29,5,16,30,34,38,1,40
1989-07-03,3,7,26,4,9,28,40
1989-07-06,1,6,16,34,7,28,40
1989-07-10,21,30,42,6,13,28,36
1989-07-13,1,16,32,34,27,36,31
1989-07-17,3,12,25,29,30,42,10
1989-07-20,8,26,29,32,4,18,19
1989-07-24,12,16,21,32,2,39,40
1989-07-27,8,32,33,4,9,40,39
1989-07-31,14,23,26,34,22,36,19
1989-08-03,10,16,30,34,8,11,39
1989-08-07,3,14,15,32,42,23,9
1989-08-10,1,3,12,17,15,13,27
1989-08-14,3,15,16,34,8,9,20
1989-08-17,24,32,4,11,20,31,28
1989-08-21,17,21,30,11,19,39,22
1989-08-24,6,7,15,29,42,39,18
1989-08-28,7,10,17,24,23,11,39
1989-08-31,12,16,11,20,22,28,39
1989-09-04,3,10,38,11,13,27,22
1989-09-07,6,10,25,38,42,27,40
1989-09-11,5,17,32,33,24,18,39
1989-09-14,3,15,30,33,34,12,9
1989-09-18,12,26,42,41,13,22,31
1989-09-21,5,25,33,26,13,19,28
1989-09-25,6,7,12,21,23,26,20
1989-09-28,8,10,23,42,1,9,19
1989-10-02,12,30,10,9,13,37,39
1989-10-05,7,16,41,4,27,37,36
1989-10-09,17,21,15,4,9,31,36
1989-10-12,3,10,17,29,42,20,31
1989-10-16,14,30,35,41,4,11,18
1989-10-19,15,32,41,42,25,13,36
1989-10-23,6,12,35,42,4,22,13
1989-10-26,1,7,8,16,21,2,31
1989-10-30,1,8,17,42,4,31,13
1989-11-02,16,29,33,41,11,22,39
1989-11-06,5,10,30,35,12,2,27
1989-11-09,15,25,32,6,4,36,40
1989-11-13,6,42,5,11,13,20,28
1989-11-16,10,12,15,33,35,1,19
1989-11-20,8,15,17,42,9,27,39
1989-11-23,12,14,30,34,9,31,40
1989-11-27,17,23,29,19,28,39,36
1989-11-30,1,3,15,24,30,13,22
1989-12-04,1,14,24,30,34,20,2
1989-12-07,3,26,29,41,11,13,31
1989-12-11,23,29,42,20,28,31,9
1989-12-14,16,30,41,2,11,18,37
1989-12-18,5,23,30,38,7,27,36
1989-12-21,14,17,26,2,13,20,19
1989-12-25,6,14,21,41,24,18,19
1989-12-28,5,12,9,11,19,27,36
1990-01-01,10,14,23,25,4,11,37
1990-01-04,21,24,35,42,34,18,20
1990-01-08,7,15,24,29,38,31,18
1990-01-11,21,33,17,11,20,27,31
1990-01-15,3,14,23,24,2,39,40
1990-01-18,10,15,21,3,9,27,28
1990-01-22,25,41,2,18,20,31,37
1990-01-25,1,3,12,29,33,36,28
1990-02-01,1,10,12,24,35,18,11
1990-02-05,8,14,30,18,19,20,27
1990-02-08,8,21,24,32,12,2,39
1990-02-12,6,7,34,41,42,13,37
1990-02-15,1,17,32,33,14,4,22
1990-02-19,34,41,9,18,36,37,40
1990-02-22,5,6,16,41,27,40,20
1990-02-26,3,24,34,19,20,22,2
1990-03-01,14,15,35,2,28,40,31
1990-03-05,23,29,35,25,4,22,31
1990-03-08,6,8,15,25,42,14,39
1990-03-12,6,26,7,9,11,31,40
1990-03-15,12,29,34,18,28,39,27
1990-03-19,26,41,11,18,31,40,36
1990-03-22,6,21,26,35,20,40,13
1990-03-26,5,8,10,14,20,28,37
1990-03-29,6,8,24,26,29,42,37
1990-04-02,12,29,32,38,5,9,18
1990-04-05,1,8,29,23,2,22,39
1990-04-09,3,16,21,33,41,9,18
1990-04-12,8,12,16,17,23,21,39
1990-04-16,8,15,29,30,34,36,31
1990-04-19,5,6,35,24,4,13,27
1990-04-23,1,3,7,32,41,2,31
1990-04-26,3,7,34,29,2,9,27
1990-04-30,6,10,12,17,1,19,40
1990-05-03,3,24,34,38,13,18,39
1990-05-07,7,10,30,41,25,18,27
1990-05-10,10,15,41,20,36,40,39
1990-05-14,1,10,14,34,38,24,31
1990-05-17,15,25,34,16,9,31,36
1990-05-21,1,3,6,4,27,28,19
1990-05-24,3,38,24,4,13,28,37
1990-05-28,6,12,14,25,33,17,28
1990-05-31,1,16,24,7,2,19,27
1990-06-04,8,26,33,38,41,1,37
1990-06-07,12,30,33,38,28,39,31
1990-06-11,1,3,8,33,41,15,27
1990-06-14,6,21,32,33,38,27,13
1990-06-18,7,26,34,2,13,18,11
1990-06-21,1,5,26,41,4,18,28
1990-06-25,12,23,30,34,17,18,28
1990-06-28,7,15,32,41,29,18,39
1990-07-02,16,24,11,20,28,36,40
1990-07-05,32,42,17,13,18,28,39
1990-07-09,3,42,21,18,27,28,31
1990-07-12,6,8,12,21,33,19,20
1990-07-16,6,15,30,38,29,19,22
1990-07-19,3,16,21,25,30,42,11
1990-07-23,8,10,14,15,2,9,37
1990-07-26,15,24,29,38,7,4,37
1990-07-30,14,23,24,19,28,39,2
1990-08-02,1,3,41,12,4,18,31
1990-08-06,32,33,42,34,13,20,22
1990-08-09,6,8,12,25,41,29,13
1990-08-13,8,14,17,29,34,23,37
1990-08-16,1,5,17,26,30,18,22
1990-08-20,10,17,29,35,38,42,20
1990-08-23,10,26,35,15,11,20,37
1990-08-27,21,34,38,41,19,39,4
1990-08-30,1,24,25,26,30,23,13
1990-09-03,12,15,26,23,4,11,40
1990-09-06,6,33,34,42,16,11,18
1990-09-10,1,6,26,30,2,22,39
1990-09-13,3,6,15,26,35,12,27
1990-09-17,17,24,26,38,14,13,20
1990-09-20,3,5,8,14,15,24,40
1990-09-24,6,17,24,4,18,20,31
1990-09-27,6,14,23,24,42,29,39
1990-10-01,26,2,9,20,31,36,11
1990-10-04,1,7,8,26,34,41,35
1990-10-08,5,6,7,15,25,14,37
1990-10-11,6,12,16,17,21,38,36
1990-10-15,6,7,23,30,41,39,22
1990-10-18,1,7,26,29,33,2,13
1990-10-22,7,12,16,34,38,11,4
1990-10-25,12,15,30,41,42,2,11
1990-10-29,10,14,17,35,22,36,19
1990-11-01,14,21,23,33,38,24,28
1990-11-05,14,29,30,2,28,31,40
1990-11-08,7,24,29,35,18,19,9
1990-11-12,8,14,23,32,33,41,17
1990-11-15,1,24,41,33,4,20,27
1990-11-19,1,8,14,11,22,36,2
1990-11-22,21,30,41,42,17,27,39
1990-11-26,1,10,34,38,12,13,31
1990-11-29,1,26,29,30,13,22,28
1990-12-03,15,17,25,34,41,42,2
1990-12-06,26,30,34,41,19,28,4
1990-12-10,10,25,41,17,4,28,36
1990-12-13,10,30,35,32,4,20,28
1990-12-17,1,3,6,30,7,27,36
1990-12-20,24,25,35,2,22,37,40
1990-12-24,5,6,35,41,17,20,36
1990-12-27,15,33,34,35,25,31,37
1990-12-31,5,6,10,41,42,13,22
1991-01-03,5,23,25,32,13,20,27
1991-01-07,7,12,14,24,37,40,11
1991-01-10,3,10,21,24,26,34,37
1991-01-14,15,24,33,4,13,31,40
1991-01-17,3,5,15,30,38,28,2
1991-01-21,5,7,30,35,25,18,20
1991-01-24,5,6,21,30,32,14,11
1991-01-28,17,21,24,25,32,41,9
1991-01-31,25,33,42,7,18,20,39
1991-02-04,7,10,23,25,38,32,18
1991-02-07,8,21,24,2,18,27,31
1991-02-11,7,10,12,41,18,27,11
1991-02-14,10,14,24,32,35,30,39
1991-02-18,23,26,33,13,31,39,18
1991-02-21,16,25,26,32,13,19,36
1991-02-25,3,23,29,21,13,27,28
1991-02-28,8,10,16,25,2,18,27
1991-03-04,1,10,16,26,32,34,35
1991-03-07,3,5,6,30,35,13,37
1991-03-11,3,5,32,41,33,27,28
1991-03-14,15,29,33,34,42,10,9
1991-03-18,3,16,17,21,24,32,30
1991-03-21,12,25,32,35,38,9,11
1991-03-25,6,17,23,24,34,38,26
1991-03-28,10,25,26,34,2,19,28
1991-04-01,6,7,34,4,13,18,20
1991-04-04,8,17,21,42,7,2,39
1991-04-08,14,21,23,4,9,31,13
1991-04-11,12,41,17,4,20,27,39
1991-04-15,8,10,17,23,38,21,22
1991-04-18,1,7,21,30,42,9,31
1991-04-22,6,24,30,5,4,27,37
1991-04-25,5,15,34,38,41,36,13
1991-04-29,3,15,41,42,10,2,37
1991-05-02,3,12,17,29,5,28,40
1991-05-06,3,25,30,38,16,13,20
1991-05-09,10,24,25,26,2,13,19
1991-05-13,8,16,24,29,38,12,18
1991-05-16,15,24,33,41,35,2,22
1991-05-20,16,29,42,24,22,36,39
1991-05-23,10,17,26,42,2,19,28
1991-05-27,12,26,29,19,20,28,13
1991-05-30,8,12,17,23,10,37,40
1991-06-03,14,17,23,32,13,27,37
1991-06-06,21,34,8,2,36,37,39
1991-06-10,1,25,35,2,13,39,37
1991-06-13,14,26,32,33,38,34,22
1991-06-17,3,23,30,32,4,31,27
1991-06-20,10,17,23,33,38,19,39
1991-06-24,8,24,26,42,32,4,28
1991-06-27,1,3,14,30,33,42,9
1991-07-01,5,6,21,23,25,16,31
1991-07-04,3,14,26,25,9,18,39
1991-07-08,17,2,18,19,22,31,39
1991-07-11,5,10,12,21,30,35,6
1991-07-15,1,7,26,38,17,4,18
1991-07-18,3,29,35,34,4,11,13
1991-07-22,6,8,29,38,37,39,22
1991-07-25,1,38,8,18,19,20,36
1991-07-29,17,41,9,19,22,40,28
1991-08-01,3,10,26,24,4,18,20
1991-08-05,8,24,25,26,30,33,19
1991-08-08,16,34,41,42,9,37,13
1991-08-12,5,16,32,38,14,9,28
1991-08-15,6,38,9,13,18,28,19
1991-08-19,21,26,10,11,31,37,39
1991-08-22,1,12,35,42,9,37,18
1991-08-26,10,13,18,19,28,31,36
1991-08-29,7,12,15,35,41,22,39
1991-09-02,7,14,41,9,19,22,40
1991-09-05,5,16,25,34,30,13,28
1991-09-09,10,17,32,33,34,38,31
1991-09-12,1,3,17,42,34,4,28
1991-09-16,3,8,23,41,20,31,39
1991-09-19,12,25,32,38,11,20,27
1991-09-23,1,15,30,34,3,31,40
1991-09-26,14,21,33,34,2,9,13
1991-09-30,10,30,41,29,4,9,22
1991-10-03,8,16,35,2,9,13,20
1991-10-07,6,14,21,26,16,11,13
1991-10-10,10,24,19,20,37,40,4
1991-10-14,3,10,23,25,32,34,2
1991-10-17,1,30,42,18,39,40,19
1991-10-21,6,16,17,23,26,5,36
1991-10-24,15,16,23,24,41,19,40
1991-10-28,1,33,38,17,4,22,37
1991-10-31,1,14,33,41,42,6,20
1991-11-04,29,32,41,1,4,18,40
1991-11-07,21,29,32,9,36,39,11
1991-11-11,12,21,35,20,22,28,39
1991-11-14,14,15,17,41,31,39,22
1991-11-18,12,15,34,35,9,11,31
1991-11-21,1,16,23,33,10,2,19
1991-11-25,1,29,2,9,13,20,36
1991-11-28,1,7,16,24,38,33,20
1991-12-02,5,25,34,2,4,37,9
1991-12-05,3,34,41,42,11,36,19
1991-12-09,5,21,26,25,13,19,31
1991-12-12,6,15,24,38,9,28,37
1991-12-16,3,6,14,16,21,18,22
1991-12-19,15,17,21,30,38,29,22
1991-12-23,23,41,11,20,37,39,22
1991-12-26,3,34,27,28,37,40,13
1991-12-30,10,12,25,42,14,9,31
1992-01-02,8,10,26,18,27,37,22
1992-01-06,5,10,16,26,30,28,18
1992-01-09,6,21,23,26,8,2,18
1992-01-13,12,25,34,21,9,20,37
1992-01-16,8,10,17,32,35,5,2
1992-01-20,5,26,30,16,28,37,39
1992-01-23,29,30,35,16,2,19,28
1992-01-27,34,25,2,28,31,36,40
1992-01-30,3,5,23,35,9,22,13
1992-02-03,1,12,38,34,9,22,31
1992-02-06,7,17,35,29,11,13,31
1992-02-10,12,17,21,41,13,22,28
1992-02-13,12,25,30,38,41,23,40
1992-02-17,5,25,32,35,2,9,36
1992-02-20,6,12,17,13,27,28,39
1992-02-24,5,8,12,42,9,36,39
1992-02-27,5,6,24,32,16,19,28
1992-03-02,14,26,30,32,18,28,13
1992-03-05,3,7,12,15,34,29,40
1992-03-09,3,25,26,30,41,33,9
1992-03-12,21,29,30,32,17,19,31
1992-03-16,12,16,17,33,42,7,40
1992-03-19,3,32,41,4,28,37,18
1992-03-23,6,29,35,42,38,37,39
1992-03-26,8,15,42,4,18,40,36
1992-03-30,3,16,23,34,4,18,2
1992-04-02,12,16,32,35,4,40,27
1992-04-06,6,10,2,18,27,31,36
1992-04-09,1,5,6,8,12,42,36
1992-04-13,1,15,24,26,10,22,39
1992-04-16,16,21,33,38,20,28,19
1992-04-20,30,42,23,2,18,20,36
1992-04-23,8,25,29,23,13,20,40
1992-04-27,5,10,25,35,38,27,9
1992-04-30,8,10,30,34,42,12,13
1992-05-04,38,42,3,2,11,18,37
1992-05-07,5,10,12,30,13,40,2
1992-05-11,7,16,2,9,11,27,4
1992-05-14,15,29,32,35,13,22,39
1992-05-18,8,23,25,29,42,39,19
1992-05-21,3,8,17,21,32,9,40
1992-05-25,3,6,14,30,27,37,39
1992-05-28,8,26,41,34,11,13,37
1992-06-01,14,25,32,7,4,19,40
1992-06-04,1,23,25,35,38,9,4
1992-06-08,8,42,17,4,20,31,40
1992-06-11,6,8,16,42,15,9,19
1992-06-15,24,26,29,35,22,36,39
1992-06-18,3,29,13,27,31,36,4
1992-06-22,1,5,33,21,28,31,40
1992-06-25,35,42,12,11,13,19,31
1992-06-29,23,24,41,11,18,19,31
1992-07-02,6,8,10,15,26,41,16
1992-07-06,12,15,34,11,19,36,9
1992-07-09,5,8,33,34,38,19,28
1992-07-13,24,25,32,35,8,13,19
1992-07-16,16,21,30,33,38,41,42
1992-07-20,8,10,26,30,13,31,40
1992-07-23,8,16,17,25,29,23,19
1992-07-27,14,32,10,22,27,37,39
1992-07-30,6,8,35,11,22,36,31
1992-08-03,3,5,41,15,2,28,36
1992-08-06,24,25,30,34,14,28,40
1992-08-10,12,14,16,13,19,31,4
1992-08-13,5,14,17,23,8,2,39
1992-08-17,1,17,21,26,38,13,4
1992-08-20,10,21,23,42,25,2,20
1992-08-24,1,7,10,12,41,30,2
1992-08-27,5,7,10,30,29,11,22
1992-08-31,3,5,6,23,25,24,31
1992-09-03,10,17,21,41,23,9,37
1992-09-07,6,23,2,11,13,27,31
1992-09-10,24,29,33,41,18,19,36
1992-09-14,6,8,15,26,4,19,37
1992-09-17,5,6,34,23,11,18,31
1992-09-21,3,14,15,17,23,4,36
1992-09-24,8,14,7,19,28,31,40
1992-09-28,1,6,16,29,33,19,2
1992-10-01,23,29,32,34,4,13,37
1992-10-05,7,15,16,23,29,6,11
1992-10-08,7,23,41,42,33,13,18
1992-10-12,10,17,33,34,13,40,19
1992-10-15,33,35,38,1,13,18,39
1992-10-19,1,16,29,15,4,19,31
1992-10-22,5,6,7,25,10,11,19
1992-10-26,8,17,23,6,9,39,40
1992-10-29,17,32,33,34,13,36,37
1992-11-02,7,16,26,41,23,9,28
1992-11-05,30,33,41,3,2,9,22
1992-11-09,3,35,41,42,38,9,11
1992-11-12,7,23,33,34,13,36,39
1992-11-16,3,6,29,30,7,28,37
1992-11-19,1,10,23,32,21,13,19
1992-11-23,6,7,21,38,4,13,36
1992-11-26,8,17,34,9,19,39,13
1992-11-30,12,23,29,32,11,31,39
1992-12-03,15,17,26,33,42,28,31
1992-12-07,3,12,30,21,9,22,39
1992-12-10,8,21,9,22,27,39,28
1992-12-14,12,26,30,38,15,11,19
1992-12-17,17,33,42,4,11,40,28
1992-12-21,1,29,32,33,42,36,28
1992-12-24,7,12,17,21,38,2,40
1992-12-28,15,21,42,10,11,18,20
1992-12-31,6,25,7,13,20,28,36
1993-01-04,7,10,21,35,26,9,19
1993-01-07,3,8,14,35,19,27,36
1993-01-11,29,42,2,4,20,36,11
1993-01-14,1,7,33,34,6,22,36
1993-01-18,1,12,25,26,41,24,2
1993-01-21,1,10,14,35,17,19,28
1993-01-25,3,16,17,21,10,4,39
1993-01-28,3,10,1,4,20,22,39
1993-02-01,23,33,41,42,1,11,18
1993-02-04,3,6,34,38,31,37,40
1993-02-08,10,21,32,9,20,40,18
1993-02-11,5,6,7,15,32,42,4
1993-02-15,5,10,29,33,34,9,13
1993-02-18,3,8,12,33,41,42,1
1993-02-22,3,35,38,41,18,31,36
1993-02-25,15,23,25,38,8,22,28
1993-03-01,6,17,29,41,11,28,37
1993-03-04,16,21,42,1,18,19,36
1993-03-08,1,6,26,42,16,2,18
1993-03-11,6,7,10,32,28,39,20
1993-03-15,7,15,30,33,35,28,9
1993-03-18,5,10,16,24,35,17,9
1993-03-22,6,17,25,41,4,11,20
1993-03-25,7,15,26,5,19,36,40
1993-03-29,23,25,26,1,2,20,37
1993-04-01,3,6,10,17,11,18,13
1993-04-05,5,21,41,1,11,22,39
1993-04-08,7,8,34,14,19,31,36
1993-04-12,6,10,25,32,38,42,16
1993-04-15,8,25,38,6,9,18,19
1993-04-19,3,5,8,29,42,26,2
1993-04-22,3,5,6,23,34,27,4
1993-04-26,5,15,13,19,22,39,2
1993-04-29,8,26,2,18,27,31,9
1993-05-03,8,14,4,9,11,20,22
1993-05-06,14,17,24,26,8,18,36
1993-05-10,5,10,2,18,37,39,40
1993-05-13,10,21,25,34,35,20,27
1993-05-17,35,42,13,20,36,39,22
1993-05-20,24,26,41,29,9,22,31
1993-05-24,14,38,41,20,31,39,28
1993-05-27,5,6,15,25,23,18,31
1993-05-31,7,14,21,26,42,33,36
1993-06-03,5,24,26,42,32,4,37
1993-06-07,3,6,7,10,16,19,4
1993-06-10,1,8,25,41,4,27,22
1993-06-14,7,32,34,2,4,31,40
1993-06-17,8,12,26,35,18,36,9
1993-06-21,3,10,21,28,36,37,13
1993-06-24,14,16,21,29,5,13,22
1993-06-28,15,32,38,13,22,28,4
1993-07-01,10,16,34,9,18,36,20
1993-07-05,3,5,23,32,4,28,9
1993-07-08,14,24,25,9,28,39,31
1993-07-12,8,14,23,35,6,4,36
1993-07-15,23,42,17,9,11,13,37
1993-07-19,12,15,21,24,42,38,9
1993-07-22,5,10,26,32,38,42,20
1993-07-26,7,8,21,42,32,9,18
1993-07-29,24,29,30,32,35,38,11
1993-08-02,7,17,35,6,9,36,40
1993-08-05,30,32,35,41,14,4,9
1993-08-09,14,16,17,30,33,9,40
1993-08-12,5,24,34,41,32,2,40
1993-08-16,6,8,14,17,41,11,18
1993-08-19,25,4,11,19,20,40,37
1993-08-23,12,14,26,23,28,36,40
1993-08-26,21,26,4,11,27,31,36
1993-08-30,24,26,42,23,31,37,39
1993-09-02,1,3,8,26,34,2,20
1993-09-06,12,23,35,41,13,36,27
1993-09-09,21,32,35,30,11,36,37
1993-09-13,7,10,21,34,38,17,40
1993-09-16,3,5,38,2,4,19,28
1993-09-20,5,6,14,29,32,28,36
1993-09-23,6,8,35,20,22,28,2
1993-09-27,1,8,23,34,38,18,39
1993-09-30,7,23,38,32,9,19,28
1993-10-04,6,14,23,24,19,37,4
1993-10-07,16,42,1,9,20,31,37
1993-10-11,3,17,24,11,20,40,27
1993-10-14,16,17,25,41,13,36,11
1993-10-18,5,12,24,33,35,38,36
1993-10-21,6,26,30,2,9,27,28
1993-10-25,3,12,26,17,4,27,28
1993-10-28,21,24,26,42,25,22,37
1993-11-01,8,21,16,4,19,20,36
1993-11-04,10,16,26,33,41,40,27
1993-11-08,5,34,35,8,4,19,31
1993-11-11,8,41,29,2,9,11,18
1993-11-15,17,29,41,30,2,11,31
1993-11-18,3,24,32,42,29,27,28
1993-11-22,24,30,41,3,2,28,37
1993-11-25,7,23,29,34,33,4,13
1993-11-29,15,16,42,41,22,31,39
1993-12-02,16,34,42,35,13,36,39
1993-12-06,5,17,24,25,19,40,2
1993-12-09,7,8,17,41,4,37,39
1993-12-13,7,21,26,32,2,4,39
1993-12-16,21,24,26,30,35,13,40
1993-12-20,3,10,30,20,28,37,39
1993-12-23,3,17,24,30,35,31,18
1993-12-27,21,23,4,18,31,39,13
1993-12-30,5,14,16,24,26,20,19
1994-01-03,5,7,8,10,33,23,18
1994-01-06,10,12,23,34,41,11,28
1994-01-10,8,26,30,38,41,28,36
1994-01-13,5,15,16,24,2,40,31
1994-01-17,3,7,10,15,32,36,18
1994-01-20,5,23,26,9,11,27,4
1994-01-24,5,14,33,35,38,40,9
1994-01-27,1,5,6,7,29,4,28
1994-01-31,5,7,10,16,29,26,9
1994-02-03,1,25,26,2,4,20,36
1994-02-07,21,26,32,33,34,7,22
1994-02-14,14,23,25,35,21,13,20
1994-02-17,6,30,32,42,18,22,27
1994-02-21,8,15,16,25,41,13,31
1994-02-24,29,33,32,2,11,19,28
1994-02-28,15,23,29,38,42,16,40
1994-03-03,1,3,8,17,18,19,4
1994-03-07,15,16,25,3,13,20,39
1994-03-10,14,34,35,41,23,9,36
1994-03-14,5,26,29,38,41,24,28
1994-03-17,7,12,15,16,11,20,13
1994-03-21,1,7,12,16,33,34,9
1994-03-24,6,10,2,19,20,36,22
1994-03-28,12,24,25,41,9,28,31
1994-03-31,10,15,21,23,25,35,6
1994-04-04,6,24,25,35,38,16,37
1994-04-07,21,34,35,42,27,36,20
1994-04-11,15,34,38,42,1,19,28
1994-04-14,5,6,17,38,30,31,36
1994-04-18,7,26,34,41,38,18,37
1994-04-21,7,8,26,35,17,27,39
1994-04-25,17,42,33,22,31,37,40
1994-04-28,7,14,21,29,38,37,28
1994-05-02,12,42,26,11,13,37,39
1994-05-05,1,3,6,35,42,8,19
1994-05-09,35,42,13,18,22,40,36
1994-05-12,16,34,41,38,18,20,28
1994-05-16,8,14,16,9,11,28,31
1994-05-19,10,17,34,2,20,31,40
1994-05-23,10,14,25,26,3,11,13
1994-05-26,3,17,30,1,11,18,37
1994-05-30,6,14,15,25,42,33,9
1994-06-02,7,17,25,35,19,40,13
1994-06-06,3,16,17,23,4,19,36
1994-06-09,3,5,8,33,42,4,31
1994-06-13,5,12,14,32,41,11,4
1994-06-16,14,21,33,35,41,42,37
1994-06-20,7,21,30,32,33,34,20
1994-06-23,10,15,26,29,35,13,18
1994-06-27,3,38,18,22,28,40,31
1994-06-30,14,24,30,42,38,13,19
1994-07-04,6,8,30,9,13,20,28
1994-07-07,5,23,30,35,42,3,36
1994-07-11,7,16,30,35,11,39,13
1994-07-14,14,29,32,35,12,9,19
1994-07-18,8,14,41,21,9,18,31
1994-07-21,7,21,24,26,38,41,1
1994-07-25,12,16,32,41,38,20,39
1994-07-28,6,17,30,9,18,36,27
1994-08-01,10,14,25,26,29,33,2
1994-08-04,6,7,12,17,32,42,11
1994-08-08,1,5,12,17,13,19,39
1994-08-11,1,5,15,21,38,6,18
1994-08-15,21,25,2,13,18,31,37
1994-08-18,3,8,23,2,31,39,11
1994-08-22,3,23,21,9,11,18,31
1994-08-25,1,5,26,29,41,18,36
1994-08-29,8,14,29,35,13,37,39
1994-09-01,1,15,16,23,29,36,9
1994-09-05,5,21,38,10,2,13,40
1994-09-08,3,15,23,41,13,27,39
1994-09-12,6,10,15,35,28,39,19
1994-09-15,1,23,41,26,11,20,22
1994-09-19,10,23,26,35,33,9,11
1994-09-22,1,5,16,32,7,2,28
1994-09-26,6,12,26,33,34,7,19
1994-09-29,3,16,21,30,5,22,28
1994-10-03,8,16,23,41,42,37,22
1994-10-06,7,12,29,34,20,36,39
1994-10-10,29,32,33,34,38,39,2
1994-10-13,34,13,18,28,31,40,19
1994-10-17,25,35,38,6,11,19,36
1994-10-20,17,25,34,27,36,37,39
1994-10-24,1,14,29,25,9,11,28
1994-10-27,8,21,26,9,13,18,37
1994-10-31,7,23,32,41,5,19,20
1994-11-03,6,29,30,8,4,20,36
1994-11-07,6,14,21,23,24,35,38
1994-11-10,34,42,9,13,18,22,19
1994-11-14,15,17,29,35,38,11,40
1994-11-17,14,24,33,42,18,28,20
1994-11-21,1,24,29,32,9,19,40
1994-11-24,6,21,24,35,42,20,40
1994-11-28,10,14,21,26,38,23,2
1994-12-01,15,29,30,35,38,34,22
1994-12-05,3,6,16,23,38,20,11
1994-12-08,8,26,38,2,13,39,37
1994-12-12,5,7,30,41,36,39,31
1994-12-15,5,7,21,32,42,33,28
1994-12-19,17,23,29,35,22,40,20
1994-12-22,16,21,38,13,28,39,11
1994-12-26,7,15,24,25,4,37,28
1994-12-29,12,33,24,4,31,36,40
1995-01-02,10,12,21,26,9,20,31
1995-01-05,25,33,34,2,13,19,40
1995-01-09,14,24,30,5,22,27,40
1995-01-12,1,7,8,16,42,29,28
1995-01-16,3,30,33,7,11,18,20
1995-01-19,3,25,26,23,20,27,31
1995-01-23,7,12,29,34,4,22,20
1995-01-26,15,16,17,34,11,27,37
1995-01-30,10,12,23,30,42,5,39
1995-02-02,10,24,41,12,9,11,37
1995-02-06,3,10,32,35,42,38,4
1995-02-09,16,23,29,6,11,28,37
1995-02-13,1,21,29,38,2,4,19
1995-02-16,7,21,30,19,37,39,11
1995-02-20,23,24,21,9,31,39,40
1995-02-23,21,26,35,17,27,36,40
1995-02-27,12,25,26,34,38,14,36
1995-03-02,21,25,32,33,12,31,37
1995-03-06,14,23,29,21,11,31,40
1995-03-09,10,29,32,38,19,40,37
1995-03-13,3,25,30,35,33,20,36
1995-03-16,1,5,26,8,2,28,39
1995-03-20,5,10,14,16,26,35,17
1995-03-23,23,32,38,2,11,39,28
1995-03-27,1,10,12,23,33,2,28
1995-03-30,5,6,24,9,11,13,36
1995-04-03,3,7,12,23,41,28,27
1995-04-06,1,5,21,32,34,9,13
1995-04-10,24,38,30,13,28,37,39
1995-04-13,12,14,13,31,37,40,27
1995-04-17,24,7,2,13,19,28,31
1995-04-20,5,23,30,15,2,9,13
1995-04-24,33,24,4,11,18,28,36
1995-04-27,1,24,25,34,35,36,9
1995-05-01,1,7,12,29,31,37,22
1995-05-04,25,21,4,11,13,19,31
1995-05-08,3,7,8,12,17,23,32
1995-05-11,16,23,26,30,4,37,9
1995-05-15,5,10,29,1,9,28,31
1995-05-18,17,24,32,34,10,4,9
1995-05-22,7,12,32,38,1,9,28
1995-05-25,8,10,21,42,38,13,40
1995-05-29,29,30,33,34,20,37,22
1995-06-01,17,26,33,29,9,27,37
1995-06-05,5,6,12,29,35,3,39
1995-06-08,12,17,29,30,38,42,14
1995-06-12,7,10,9,31,36,40,20
1995-06-15,7,16,24,30,17,18,31
1995-06-19,6,10,25,29,34,35,40
1995-06-22,12,23,26,14,4,18,20
1995-06-26,7,14,23,29,38,41,28
1995-06-29,3,6,25,34,29,9,28
1995-07-03,8,10,33,29,31,39,40
1995-07-06,16,29,41,21,9,31,40
1995-07-10,14,17,29,32,33,19,36
1995-07-13,1,14,23,32,19,40,28
1995-07-17,29,33,34,2,18,28,36
1995-07-20,1,30,34,41,29,4,13
1995-07-24,12,21,41,30,2,9,40
1995-07-27,7,12,24,30,33,23,28
1995-07-31,16,24,25,41,38,11,20
1995-08-03,1,6,32,38,27,37,4
1995-08-07,3,15,21,26,11,18,20
1995-08-10,8,25,33,41,42,11,37
1995-08-14,1,14,21,34,6,9,11
1995-08-17,26,35,9,20,22,40,28
1995-08-24,1,12,32,35,27,39,19
1995-08-28,5,15,35,28,36,37,13
1995-08-31,3,12,17,23,35,42,18
1995-09-04,12,23,33,35,41,31,27
1995-09-07,35,38,42,26,18,20,22
1995-09-11,14,17,25,8,4,9,28
1995-09-14,1,7,26,42,18,27,13
1995-09-18,24,26,29,8,2,19,37
1995-09-21,10,12,30,13,19,20,11
1995-09-25,1,7,10,23,30,38,29
1995-09-28,3,38,2,4,31,40,11
1995-10-02,6,21,42,25,9,20,39
1995-10-05,16,29,32,41,34,9,19
1995-10-09,3,14,25,26,41,38,40
1995-10-12,8,15,33,34,38,36,37
1995-10-16,3,24,32,34,38,19,37
1995-10-19,12,21,30,32,8,2,27
1995-10-23,8,23,32,38,28,36,2
1995-10-26,6,26,29,13,36,37,40
1995-10-30,15,29,35,26,28,31,37
1995-11-02,1,24,29,4,22,27,39
1995-11-06,10,17,24,14,11,19,40
1995-11-09,3,15,9,27,31,36,18
1995-11-13,1,5,6,9,13,40,19
1995-11-16,7,17,26,33,42,21,11
1995-11-20,16,24,35,28,31,40,27
1995-11-23,8,17,38,3,11,13,40
1995-11-27,12,23,32,10,19,22,28
1995-11-30,7,8,17,32,35,21,22
1995-12-04,15,16,17,24,1,31,40
1995-12-07,24,26,33,42,21,39,40
1995-12-11,10,24,38,2,22,27,37
1995-12-14,15,24,26,29,18,31,36
1995-12-18,7,12,25,34,35,28,36
1995-12-21,12,23,25,32,34,6,37
1995-12-25,7,16,21,30,38,42,35
1995-12-28,24,29,30,33,9,13,4
1996-01-01,8,16,38,42,25,20,36
1996-01-04,3,6,8,15,2,27,22
1996-01-08,14,21,2,11,13,20,4
1996-01-11,6,7,10,38,36,40,18
1996-01-15,3,29,25,4,18,28,37
1996-01-18,17,34,16,9,18,28,39
1996-01-22,7,15,25,34,20,36,37
1996-01-25,8,26,35,42,23,9,37
1996-01-29,1,7,24,19,27,28,18
1996-02-01,5,23,4,18,39,40,11
1996-02-05,14,17,33,28,31,39,37
1996-02-08,6,10,21,42,5,27,28
1996-02-12,1,7,38,41,9,11,36
1996-02-15,6,7,21,30,9,20,27
1996-02-22,23,32,42,14,4,31,39
1996-02-26,3,7,25,32,16,9,27
1996-02-29,21,34,17,2,11,13,31
1996-03-04,3,5,35,18,28,37,31
1996-03-07,7,23,21,2,4,9,13
1996-03-11,5,12,41,24,2,11,27
1996-03-14,3,29,35,4,19,27,20
1996-03-18,38,18,19,20,31,37,11
1996-03-21,5,6,10,34,33,18,39
1996-03-25,1,16,23,6,4,20,28
1996-03-28,10,12,15,23,24,16,4
1996-04-01,24,42,35,4,13,28,37
1996-04-04,14,16,29,32,33,34,10
1996-04-08,25,29,6,19,20,22,27
1996-04-11,8,23,33,38,4,19,27
1996-04-15,1,8,25,34,30,18,27
1996-04-18,1,7,42,11,27,39,2
1996-04-22,3,12,21,35,29,19,40
1996-04-25,32,42,5,13,18,19,22
1996-04-29,7,23,32,34,13,31,19
1996-05-02,35,41,42,7,2,28,36
1996-05-06,23,41,21,2,19,31,39
1996-05-09,5,16,30,14,18,20,22
1996-05-13,7,12,41,42,5,9,11
1996-05-16,8,25,29,32,41,28,13
1996-05-20,35,38,12,13,22,27,36
1996-05-23,6,16,23,17,18,31,37
1996-05-27,7,34,29,11,20,36,37
1996-05-30,14,21,29,32,2,4,27
1996-06-03,6,10,16,21,35,26,11
1996-06-06,1,5,14,24,33,22,20
1996-06-10,3,24,26,35,38,8,13
1996-06-13,5,10,26,42,18,37,39
1996-06-17,21,29,42,8,18,28,31
1996-06-20,14,15,16,32,9,22,27
1996-06-24,6,10,15,21,41,1,11
1996-06-27,16,26,34,13,27,28,39
1996-07-01,7,8,34,35,9,28,18
1996-07-04,7,26,33,34,42,29,13
1996-07-08,7,15,23,42,9,13,22
1996-07-11,6,21,30,32,9,39,13
1996-07-15,21,25,34,32,11,20,40
1996-07-18,3,8,12,34,38,5,4
1996-07-22,3,24,34,4,9,13,31
1996-07-25,14,15,24,35,31,36,39
1996-07-29,35,41,13,18,19,39,40
1996-08-01,8,14,24,32,18,19,37
1996-08-05,8,16,17,32,2,27,31
1996-08-08,12,16,17,25,24,2,36
1996-08-12,10,14,17,21,30,35,26
1996-08-15,23,33,34,41,22,40,4
1996-08-19,10,15,23,33,13,20,27
1996-08-22,12,17,25,30,7,20,27
1996-08-26,12,23,32,33,35,3,31
1996-08-29,21,34,7,4,11,19,20
1996-09-02,3,7,26,29,30,41,23
1996-09-05,17,21,25,19,20,28,31
1996-09-09,29,33,42,3,18,19,31
1996-09-12,1,21,24,30,42,41,28
1996-09-16,7,8,10,16,33,3,31
1996-09-19,6,16,34,42,4,22,13
1996-09-23,8,14,26,20,27,31,13
1996-09-26,6,7,12,32,38,42,13
1996-09-30,1,8,15,16,24,13,28
1996-10-03,7,15,30,23,9,19,37
1996-10-07,15,17,23,11,20,39,22
1996-10-10,8,10,12,29,33,35,4
1996-10-14,12,23,35,14,22,27,37
1996-10-17,3,7,23,30,34,18,40
1996-10-21,5,8,26,23,2,9,13
1996-10-24,3,5,14,34,38,11,28
1996-10-28,16,29,6,4,9,11,40
1996-10-31,10,23,25,26,11,31,36
1996-11-04,10,4,9,18,20,22,40
1996-11-07,7,24,30,17,2,22,28
1996-11-11,21,25,41,42,14,18,28
1996-11-14,15,21,42,36,37,40,19
1996-11-18,1,24,25,9,27,39,19
1996-11-21,25,34,12,13,18,19,36
1996-11-25,1,10,21,32,41,38,18
1996-11-28,15,23,25,26,38,18,36
1996-12-02,1,8,12,29,33,35,3
1996-12-05,7,12,21,32,41,22,20
1996-12-09,12,16,32,23,11,18,36
1996-12-12,14,34,35,38,5,9,39
1996-12-16,8,21,11,20,31,37,28
1996-12-19,6,12,16,34,41,21,11
1996-12-23,1,26,35,38,19,39,9
1996-12-26,1,5,21,30,34,4,37
1996-12-30,5,16,21,33,26,31,39
1997-01-02,5,10,30,25,19,37,40
1997-01-06,3,23,26,30,38,13,37
1997-01-09,26,10,4,9,11,31,36
1997-01-13,16,17,21,23,29,42,15
1997-01-16,6,9,13,19,27,37,2
1997-01-20,8,10,14,23,18,20,22
1997-01-23,15,24,33,34,18,40,11
1997-01-27,10,15,24,32,33,26,37
1997-01-30,6,32,38,42,9,39,18
1997-02-03,6,30,32,9,22,39,18
1997-02-06,7,17,21,25,13,36,20
1997-02-10,5,10,15,19,31,39,36
1997-02-13,5,10,14,42,9,19,13
1997-02-17,1,12,30,32,42,8,13
1997-02-20,6,7,25,26,18,28,31
1997-02-24,23,34,25,2,9,13,22
1997-02-27,6,15,16,33,2,18,31
1997-03-03,7,8,17,26,29,19,13
1997-03-06,16,23,24,5,9,37,39
1997-03-10,12,15,26,33,14,11,28
1997-03-13,7,12,21,32,33,22,9
1997-03-17,3,5,6,12,35,13,19
1997-03-20,17,11,13,18,20,28,40
1997-03-24,12,14,16,29,32,38,7
1997-03-27,29,32,41,11,22,31,4
1997-03-31,1,12,15,16,22,37,18
1997-04-03,3,5,16,29,42,20,27
1997-04-07,16,26,29,41,2,28,11
1997-04-10,16,21,23,24,18,20,31
1997-04-14,1,5,30,8,19,31,40
1997-04-17,14,25,34,11,20,27,9
1997-04-21,26,29,32,38,21,18,39
1997-04-24,17,24,26,11,19,20,28
1997-04-28,21,33,34,42,12,19,31
1997-05-01,7,29,27,28,36,40,19
1997-05-05,12,24,29,30,34,37,40
1997-05-08,3,6,10,12,42,8,40
1997-05-12,1,7,10,12,41,11,39
1997-05-15,1,17,32,9,37,39,27
1997-05-19,21,38,41,2,31,40,4
1997-05-22,3,5,6,7,38,32,28
1997-05-26,1,8,16,23,38,32,31
1997-05-29,6,29,32,5,2,4,40
1997-06-02,8,16,29,32,17,9,40
1997-06-05,6,23,34,11,13,22,40
1997-06-09,21,42,34,9,18,19,20
1997-06-12,3,24,33,34,19,37,4
1997-06-16,12,35,17,27,28,39,40
1997-06-19,6,32,34,35,27,39,2
1997-06-23,26,32,38,41,16,13,28
1997-06-26,24,25,38,12,2,4,9
1997-06-30,3,14,24,30,9,39,28
1997-07-03,12,26,32,33,38,11,13
1997-07-07,1,8,15,16,29,22,37
1997-07-10,26,38,44,2,22,31,39
1997-07-14,12,16,35,2,37,45,36
1997-07-17,6,29,43,4,13,27,36
1997-07-21,21,25,33,8,18,31,40
1997-07-24,3,17,26,35,38,42,19
1997-07-28,1,7,26,30,33,35,39
1997-07-31,14,26,32,34,42,4,19
1997-08-04,6,14,16,38,41,17,4
1997-08-07,5,10,16,25,26,42,27
1997-08-11,15,25,30,35,41,36,45
1997-08-14,24,26,32,34,41,44,9
1997-08-18,6,14,43,26,13,18,31
1997-08-21,10,12,15,35,41,31,45
1997-08-25,15,17,25,29,30,32,34
1997-08-28,12,24,25,35,21,20,22
1997-09-01,1,14,16,26,42,44,25
1997-09-04,12,14,24,38,9,22,18
1997-09-08,33,41,8,9,19,31,40
1997-09-11,3,15,30,9,18,22,28
1997-09-15,23,24,32,43,15,19,45
1997-09-18,12,24,25,2,19,28,11
1997-09-22,24,32,41,15,9,28,40
1997-09-25,3,7,15,32,33,16,22
1997-09-29,7,10,42,14,27,31,36
1997-10-02,5,21,25,30,33,44,40
1997-10-06,29,43,9,13,19,37,4
1997-10-09,33,41,43,9,18,37,28
1997-10-13,1,6,26,14,20,31,40
1997-10-16,21,41,24,2,11,19,27
1997-10-20,3,14,23,41,7,11,27
1997-10-23,17,34,38,44,23,2,18
1997-10-27,12,26,38,1,2,22,31
1997-10-30,6,15,33,38,42,27,39
1997-11-03,3,16,29,42,44,36,40
1997-11-06,6,43,44,26,11,18,45
1997-11-10,17,24,25,26,33,14,18
1997-11-13,12,32,38,44,42,19,36
1997-11-17,10,12,2,9,19,45,11
1997-11-20,7,14,26,35,2,28,40
1997-11-24,14,16,24,26,33,18,39
1997-11-27,25,33,34,35,15,2,18
1997-12-01,3,16,29,30,4,37,19
1997-12-04,25,41,42,7,9,27,31
1997-12-08,5,8,12,16,38,28,36
1997-12-11,12,14,24,32,31,39,36
1997-12-15,6,24,26,38,2,20,28
1997-12-18,7,41,43,38,4,22,27
1997-12-22,3,21,25,26,34,30,18
1997-12-25,25,32,33,35,42,7,20
1997-12-29,12,14,17,9,11,27,31
1998-01-01,8,25,32,41,29,27,37
1998-01-05,8,10,17,23,43,4,22
1998-01-08,5,6,7,26,30,35,10
1998-01-12,8,17,32,44,35,9,20
1998-01-15,25,30,6,9,22,37,45
1998-01-19,1,5,24,30,11,18,4
1998-01-22,5,25,33,41,15,19,36
1998-01-26,6,23,30,11,40,45,39
1998-02-02,10,25,29,20,36,39,45
1998-02-05,5,7,10,25,26,39,28
1998-02-09,8,15,26,32,34,12,13
1998-02-12,15,17,23,25,32,20,22
1998-02-16,8,23,24,32,33,35,11
1998-02-19,8,24,44,32,11,20,27
1998-02-23,3,12,34,41,43,21,31
1998-02-26,23,35,28,31,37,39,36
1998-03-02,12,21,41,42,20,36,2
1998-03-05,17,23,25,44,10,19,37
1998-03-09,8,16,29,35,23,2,40
1998-03-12,5,10,43,15,4,28,37
1998-03-16,34,15,2,9,11,13,20
1998-03-19,7,8,30,26,2,11,18
1998-03-23,15,43,42,2,4,18,20
1998-03-26,5,6,26,2,20,37,22
1998-03-30,1,7,15,16,26,28,36
1998-04-02,15,23,26,41,21,31,45
1998-04-06,3,10,15,33,12,11,39
1998-04-09,16,24,25,29,32,9,39
1998-04-13,1,7,17,30,33,34,16
1998-04-16,12,23,33,43,13,18,19
1998-04-20,1,8,35,43,3,4,11
1998-04-23,15,32,38,26,11,27,36
1998-04-27,12,16,17,44,33,18,20
1998-04-30,1,8,12,42,44,9,31
1998-05-04,1,6,30,33,24,4,31
1998-05-07,8,16,21,26,2,31,39
1998-05-11,23,35,42,43,33,18,22
1998-05-14,6,7,8,24,44,25,20
1998-05-18,8,21,34,38,28,45,9
1998-05-21,7,8,10,35,43,2,11
1998-05-25,12,17,23,29,35,26,9
1998-05-28,10,15,26,29,20,40,37
1998-06-01,12,41,44,2,9,27,28
1998-06-04,26,30,34,43,44,9,40
1998-06-08,12,15,29,34,41,44,16
1998-06-11,1,5,25,35,38,42,19
1998-06-15,12,14,15,8,18,36,39
1998-06-18,5,8,21,43,4,45,27
1998-06-22,12,15,30,32,41,34,9
1998-06-25,7,10,12,41,43,13,20
1998-06-29,5,12,15,16,17,9,2
1998-07-02,25,43,13,22,27,36,19
1998-07-06,8,10,34,38,2,11,19
1998-07-09,12,17,29,35,43,13,9
1998-07-13,15,23,38,34,13,27,37
1998-07-16,1,21,24,30,6,20,40
1998-07-20,17,38,44,9,13,31,37
1998-07-23,1,8,14,24,12,11,22
1998-07-27,12,30,42,3,4,18,22
1998-07-30,1,12,21,25,38,10,28
1998-08-03,5,12,38,42,34,27,36
1998-08-06,15,32,35,41,25,18,27
1998-08-10,14,26,30,43,23,28,40
1998-08-13,25,33,41,26,4,19,36
1998-08-17,14,15,25,33,13,19,18
1998-08-20,23,2,11,19,22,28,31
1998-08-24,7,15,17,43,3,18,22
1998-08-27,17,25,29,34,37,45,19
1998-08-31,3,8,30,29,9,11,40
1998-09-03,7,15,30,32,34,9,45
1998-09-07,15,2,18,31,37,39,19
1998-09-10,7,14,29,30,42,39,11
1998-09-14,6,21,25,41,18,28,19
1998-09-17,7,12,16,23,26,41,40
1998-09-21,8,23,41,44,11,27,40
1998-09-24,35,38,43,2,13,37,31
1998-09-28,12,17,21,29,24,28,39
1998-10-01,3,6,15,23,25,29,43
1998-10-05,7,14,29,18,22,27,28
1998-10-08,3,23,26,38,6,18,39
1998-10-12,30,33,41,42,35,19,27
1998-10-15,1,10,17,42,44,4,13
1998-10-19,7,10,24,26,38,39,37
1998-10-22,6,30,33,11,22,39,40
1998-10-26,3,17,21,29,26,2,45
1998-10-29,1,6,10,33,35,44,21
1998-11-02,3,23,41,14,28,31,36
1998-11-05,14,4,11,13,27,28,39
1998-11-09,33,35,41,42,18,31,28
1998-11-12,1,25,2,22,28,39,4
1998-11-16,32,34,15,9,18,22,39
1998-11-19,1,7,35,2,28,37,40
1998-11-23,7,23,34,42,43,36,37
1998-11-26,10,21,24,25,42,41,36
1998-11-30,6,33,34,43,11,22,28
1998-12-03,5,30,44,43,2,4,18
1998-12-07,8,23,24,41,18,37,39
1998-12-10,1,5,10,30,23,18,31
1998-12-14,12,17,21,41,44,25,20
1998-12-17,8,14,16,29,23,19,20
1998-12-21,10,24,2,13,22,37,39
1998-12-24,5,21,34,11,13,22,37
1998-12-28,3,7,10,35,1,4,36
1998-12-31,5,8,17,21,1,36,37
1999-01-04,1,5,38,41,23,11,36
1999-01-07,3,8,12,15,38,29,31
1999-01-11,15,16,17,24,35,18,37
1999-01-14,6,15,34,22,27,36,31
1999-01-18,16,35,42,23,13,20,37
1999-01-21,12,21,32,34,35,11,40
1999-01-25,10,12,32,41,19,20,31
1999-01-28,29,30,4,13,31,39,40
1999-02-01,15,21,32,41,20,22,9
1999-02-04,16,43,21,4,11,20,39
1999-02-08,7,12,16,29,34,13,2
1999-02-11,3,7,30,42,5,4,39
1999-02-15,5,6,12,17,29,34,22
1999-02-18,7,14,15,17,32,41,23
1999-02-22,8,32,42,6,2,11,28
1999-02-25,10,12,21,26,38,31,40
1999-03-01,1,3,12,24,4,9,22
1999-03-04,6,7,21,35,34,11,36
1999-03-08,1,3,15,35,22,45,13
1999-03-11,14,29,33,38,13,31,39
1999-03-15,5,14,21,26,38,45,13
1999-03-18,32,43,35,11,22,27,28
1999-03-22,7,26,33,35,42,31,37
1999-03-25,10,33,38,11,13,37,45
1999-03-29,24,34,35,41,28,40,4
1999-04-01,5,17,26,30,32,15,36
1999-04-05,3,14,30,35,15,13,27
1999-04-08,3,5,6,12,14,41,36
1999-04-12,1,8,17,25,2,20,22
1999-04-15,17,32,34,44,2,40,18
1999-04-19,1,7,8,10,12,17,40
1999-04-22,12,30,41,26,19,20,36
1999-04-26,12,24,41,18,22,28,37
1999-04-29,6,17,21,23,10,4,45
1999-05-03,1,32,35,38,3,4,27
1999-05-06,1,14,25,32,33,34,44
1999-05-10,21,29,30,43,15,9,31
1999-05-13,12,17,21,44,9,40,45
1999-05-17,10,14,25,33,2,31,37
1999-05-20,6,12,16,21,23,32,9
1999-05-24,7,16,24,25,27,31,45
1999-05-27,14,35,41,21,13,18,31
1999-05-31,3,5,14,25,43,41,20
1999-06-03,1,8,24,16,9,11,36
1999-06-07,7,8,21,30,38,15,4
1999-06-10,6,12,38,41,43,2,37
1999-06-14,5,7,14,38,42,10,39
1999-06-17,1,10,17,21,6,20,45
1999-06-21,29,30,24,9,19,28,39
1999-06-24,7,15,29,33,14,20,28
1999-06-28,16,23,30,44,29,11,13
1999-07-01,5,10,23,42,15,22,31
1999-07-05,5,21,6,11,13,37,40
1999-07-08,21,23,43,4,9,40,20
1999-07-12,5,8,32,43,17,31,40
1999-07-15,3,8,24,33,23,18,45
1999-07-19,3,34,42,14,13,37,45
1999-07-22,23,2,4,11,19,36,28
1999-07-26,16,25,29,9,22,40,19
1999-07-29,1,43,32,11,18,20,45
1999-08-02,5,30,38,20,36,40,4
1999-08-05,1,3,35,44,17,36,39
1999-08-09,3,12,23,24,44,9,39
1999-08-12,5,34,35,11,13,45,19
1999-08-16,7,14,23,26,29,30,4
1999-08-19,10,21,26,18,19,39,9
1999-08-23,12,23,44,15,4,11,22
1999-08-26,25,35,42,44,19,39,36
1999-08-30,16,23,25,44,1,18,20
1999-09-02,16,17,29,30,38,43,31
1999-09-06,3,10,17,29,33,44,13
1999-09-09,5,26,30,43,27,31,11
1999-09-13,6,35,38,2,9,40,28
1999-09-16,5,6,15,43,39,40,20
1999-09-20,7,15,42,44,1,19,40
1999-09-23,24,26,38,28,36,40,9
1999-09-27,7,12,14,33,20,36,39
1999-09-30,3,10,24,35,7,19,40
1999-10-04,7,33,42,9,11,13,22
1999-10-07,5,8,21,30,44,16,31
1999-10-11,6,17,26,42,23,31,36
1999-10-14,41,4,11,19,27,31,20
1999-10-18,5,34,42,43,24,36,39
1999-10-21,8,16,23,30,44,25,39
1999-10-25,14,16,17,24,4,40,36
1999-10-28,5,42,25,11,18,19,36
1999-11-01,24,13,18,20,39,45,9
1999-11-04,6,16,33,41,27,40,31
1999-11-08,10,33,34,38,43,13,27
1999-11-11,7,32,44,11,20,22,39
1999-11-15,7,15,26,32,2,22,28
1999-11-18,30,34,4,19,37,39,45
1999-11-22,5,8,24,21,2,27,31
1999-11-25,1,24,32,21,19,36,45
1999-11-29,6,33,42,1,11,13,40
1999-12-02,1,15,26,34,9,36,37
1999-12-06,5,6,21,19,22,28,18
1999-12-09,8,16,42,43,29,2,36
1999-12-13,6,17,23,29,33,36,20
1999-12-16,1,3,23,33,31,40,2
1999-12-20,5,16,26,34,35,2,18
1999-12-23,16,21,24,29,19,27,20
1999-12-27,7,15,21,29,9,11,27
1999-12-30,6,17,24,41,11,20,28
2000-01-03,6,7,17,41,18,20,45
2000-01-06,35,44,2,28,31,40,22
2000-01-10,23,26,30,32,34,2,40
2000-01-13,34,35,38,8,13,28,40
2000-01-17,17,23,25,35,38,42,12
2000-01-20,7,14,30,25,11,39,45
2000-01-24,7,16,25,43,42,36,37
2000-01-27,3,5,14,32,2,27,18
2000-01-31,25,35,44,7,11,18,22
2000-02-03,5,6,15,23,32,30,40
2000-02-07,10,23,24,30,43,7,13
2000-02-10,8,10,17,30,33,41,38
2000-02-14,12,34,43,38,2,13,37
2000-02-17,5,10,24,14,13,22,27
2000-02-21,7,14,16,42,4,9,11
2000-02-24,21,23,26,30,38,20,40
2000-02-28,1,23,26,30,35,25,9
2000-03-02,7,24,25,26,4,18,19
2000-03-06,14,21,24,33,44,22,28
2000-03-09,16,42,7,2,4,11,28
2000-03-13,7,32,34,42,13,31,36
2000-03-16,6,16,38,2,22,37,31
2000-03-20,3,14,26,29,17,20,37
2000-03-23,12,16,41,21,31,36,37
2000-03-27,1,16,32,34,42,4,28
2000-03-30,3,17,29,33,42,16,45
2000-04-03,6,35,42,29,11,20,36
2000-04-06,3,5,23,41,2,31,36
2000-04-10,5,15,17,33,42,11,20
2000-04-13,6,10,17,35,42,43,28
2000-04-17,10,23,42,11,19,20,27
2000-04-20,8,15,16,42,44,45,37
2000-04-24,7,14,16,23,32,35,13
2000-04-27,23,41,28,31,37,45,19
2000-05-01,1,3,32,43,33,4,36
2000-05-04,10,14,21,41,11,39,28
2000-05-08,17,32,34,35,44,30,11
2000-05-11,30,34,41,42,44,1,37
2000-05-15,10,16,21,35,4,20,37
2000-05-18,5,6,8,12,25,38,40
2000-05-22,5,26,38,7,36,39,45
2000-05-25,6,10,32,34,35,45,39
2000-05-29,3,16,24,29,44,34,13
2000-06-01,7,10,26,35,43,23,13
2000-06-05,8,14,30,34,23,13,22
2000-06-08,30,32,6,9,13,18,19
2000-06-12,5,6,26,1,9,28,36
2000-06-15,6,16,25,30,43,27,31
2000-06-19,1,32,6,2,9,19,20
2000-06-22,5,34,41,33,11,18,36
2000-06-26,1,3,15,41,34,36,39
2000-06-29,14,34,8,9,27,31,37
2000-07-03,1,8,14,33,41,26,20
2000-07-06,16,21,23,30,42,18,20
2000-07-10,3,16,21,23,1,9,19
2000-07-13,29,35,38,41,44,7,28
2000-07-17,7,10,25,34,44,23,37
2000-07-20,12,17,24,32,41,11,45
2000-07-24,16,23,29,32,5,36,40
2000-07-27,3,8,12,16,30,44,9
2000-07-31,12,15,38,43,2,11,22
2000-08-03,8,10,23,24,33,44,1
2000-08-07,5,12,25,20,22,27,4
2000-08-10,24,32,38,21,20,27,37
2000-08-14,14,21,7,4,20,27,40
2000-08-17,5,17,21,32,42,2,11
2000-08-21,3,6,23,25,19,22,13
2000-08-24,3,5,7,8,42,10,36
2000-08-28,1,10,42,33,11,18,22
2000-08-31,6,2,11,22,31,37,4
2000-09-04,16,32,8,2,27,37,45
2000-09-07,6,12,24,11,20,31,18
2000-09-11,3,25,44,17,4,13,45
2000-09-14,1,26,41,2,4,37,39
2000-09-18,21,33,3,19,27,37,40
2000-09-21,3,12,21,25,30,42,37
2000-09-25,17,21,23,32,4,9,18
2000-09-28,8,41,16,19,22,40,45
2000-10-02,17,24,29,33,13,28,45
2000-10-05,5,21,24,35,19,22,40
2000-10-09,10,14,30,38,41,27,37
2000-10-12,1,6,17,24,25,34,28
2000-10-16,32,35,7,27,28,31,36
2000-10-19,6,10,25,32,11,31,4
2000-10-23,15,17,21,26,32,2,36
2000-10-26,1,12,43,18,22,40,19
2000-10-30,3,6,17,21,20,37,11
2000-11-02,32,35,42,43,24,31,36
2000-11-06,6,12,26,32,38,45,36
2000-11-09,3,15,32,2,27,31,39
2000-11-13,15,29,42,3,9,13,40
2000-11-16,6,7,8,33,11,13,19
2000-11-20,10,14,21,35,24,9,19
2000-11-23,3,23,29,34,13,19,11
2000-11-27,1,12,23,25,35,36,39
2000-11-30,17,29,35,42,15,28,40
2000-12-04,35,41,44,4,19,45,9
2000-12-07,10,30,38,42,40,45,18
2000-12-11,8,17,23,32,38,39,11
2000-12-14,32,38,21,4,19,27,28
2000-12-18,16,5,13,27,28,36,37
2000-12-21,1,15,25,29,18,20,4
2000-12-25,33,42,8,9,20,36,37
2000-12-28,7,30,44,42,28,31,45
2001-01-01,12,25,35,23,18,31,37
2001-01-04,8,16,21,42,1,19,28
2001-01-08,1,23,32,33,9,22,11
2001-01-11,14,17,35,41,20,36,13
2001-01-15,12,29,35,11,40,45,19
2001-01-18,8,16,34,43,33,18,31
2001-01-22,10,12,29,34,42,20,39
2001-01-25,3,7,12,43,9,13,19
2001-01-29,3,15,16,43,36,37,20
2001-02-01,1,15,32,34,38,20,2
2001-02-05,6,7,21,16,11,18,28
2001-02-08,34,43,44,24,4,18,40
2001-02-12,5,24,3,2,11,13,39
2001-02-15,34,23,11,18,31,37,40
2001-02-19,7,12,32,43,4,22,19
2001-02-22,8,25,33,22,36,37,28
2001-02-26,17,26,38,42,19,20,27
2001-03-01,3,6,21,33,11,18,36
2001-03-05,8,17,26,2,9,22,36
2001-03-08,5,12,14,8,37,39,45
2001-03-12,1,24,29,30,18,31,22
2001-03-15,1,15,33,19,27,45,20
2001-03-19,5,24,38,41,10,11,13
2001-03-22,24,25,33,38,27,39,36
2001-03-26,1,10,14,15,29,31,22
2001-03-29,6,38,2,37,39,45,22
2001-04-02,5,38,41,42,8,19,31
2001-04-05,8,10,23,24,1,31,45
2001-04-09,16,24,25,35,6,13,27
2001-04-12,8,10,32,43,5,22,36
2001-04-16,14,33,43,44,30,2,37
2001-04-19,8,15,29,30,32,37,2
2001-04-23,10,41,44,11,31,36,9
2001-04-26,10,43,38,2,18,28,36
2001-04-30,5,21,34,38,9,18,39
2001-05-03,14,23,4,9,27,36,28
2001-05-07,1,12,30,43,19,31,39
2001-05-10,1,8,21,33,11,27,31
2001-05-14,10,17,21,34,37,39,45
2001-05-17,6,15,23,25,22,45,31
2001-05-21,8,34,41,42,14,28,36
2001-05-24,15,24,32,38,2,13,40
2001-05-28,24,33,41,19,27,31,11
2001-05-31,3,15,16,30,34,43,45
2001-06-04,5,14,16,24,38,44,6
2001-06-07,1,10,32,17,13,37,45
2001-06-11,1,10,23,29,34,19,45
2001-06-14,1,10,14,23,34,33,19
2001-06-18,5,6,12,17,43,14,4
2001-06-21,6,41,44,2,18,27,37
2001-06-25,8,32,43,20,22,40,39
2001-06-28,12,17,43,44,32,4,31
2001-07-02,5,44,3,4,19,20,39
2001-07-05,8,17,25,42,44,20,39
2001-07-09,5,23,29,15,13,27,28
2001-07-12,12,16,24,29,10,20,36
2001-07-16,8,15,30,32,41,44,2
2001-07-19,15,24,29,33,44,18,2
2001-07-23,6,8,17,26,34,39,28
2001-07-26,1,7,16,42,44,30,39
2001-07-30,16,21,38,18,19,27,37
2001-08-02,17,29,30,34,35,26,45
2001-08-06,5,12,26,34,38,30,31
2001-08-09,3,7,15,16,6,20,37
2001-08-13,24,25,9,22,37,39,2
2001-08-16,30,32,21,9,22,27,36
2001-08-20,1,23,44,2,9,11,40
2001-08-23,15,21,32,2,31,37,18
2001-08-27,10,25,32,33,37,40,45
2001-08-30,7,15,25,32,16,13,18
2001-09-03,21,33,35,11,13,36,4
2001-09-06,24,30,41,9,19,40,28
2001-09-10,1,3,8,10,33,39,27
2001-09-13,1,12,23,30,34,16,36
2001-09-17,3,21,30,33,41,42,8
2001-09-20,34,41,2,13,18,19,39
2001-09-24,5,8,21,32,26,9,40
2001-09-27,23,30,17,11,27,37,40
2001-10-01,3,8,12,25,33,20,27
2001-10-04,1,3,7,23,25,13,28
2001-10-08,5,14,25,33,38,11,45
2001-10-11,3,6,21,25,30,23,39
2001-10-15,6,8,16,17,11,31,36
2001-10-18,10,12,14,33,24,18,28
2001-10-22,29,35,43,5,9,28,40
2001-10-25,5,10,42,44,26,22,39
2001-10-29,34,44,2,19,37,39,18
2001-11-01,3,12,21,23,25,22,28
2001-11-05,7,21,23,24,44,1,22
2001-11-08,24,35,38,41,44,32,18
2001-11-12,23,42,43,35,19,39,40
2001-11-15,43,19,22,28,37,40,13
2001-11-19,7,14,24,30,32,23,31
2001-11-22,3,5,7,29,9,13,45
2001-11-26,6,12,21,32,20,27,45
2001-11-29,1,10,16,38,33,18,27
2001-12-03,42,43,44,30,20,36,39
2001-12-06,25,43,6,2,11,28,36
2001-12-10,1,5,42,21,9,11,28
2001-12-13,32,33,42,1,2,4,9
2001-12-17,7,14,32,35,33,36,37
2001-12-20,7,10,38,41,44,33,27
2001-12-24,14,38,35,2,20,28,40
2001-12-27,1,5,9,11,13,19,4
2001-12-31,3,7,33,20,22,40,45
2002-01-03,3,7,24,33,41,30,40
2002-01-07,32,41,5,2,22,39,45
2002-01-10,8,25,29,30,33,40,27
2002-01-14,10,35,43,21,28,39,40
2002-01-17,6,10,42,23,22,31,37
2002-01-21,15,30,34,43,5,9,18
2002-01-24,6,8,38,1,13,31,40
2002-01-28,1,14,35,41,33,18,22
2002-01-31,3,5,21,13,31,40,28
2002-02-04,6,8,26,29,21,9,28
2002-02-07,1,5,24,18,28,36,11
2002-02-11,6,15,24,10,4,11,19
2002-02-14,7,14,24,30,34,38,6
2002-02-18,8,26,42,43,2,11,13
2002-02-21,12,23,33,41,29,18,39
2002-02-25,3,5,35,41,36,45,20
2002-02-28,7,26,35,41,14,11,27
2002-03-04,23,33,35,44,19,45,9
2002-03-07,5,32,41,2,11,22,9
2002-03-11,7,16,21,42,10,20,22
2002-03-14,7,10,33,35,39,40,2
2002-03-18,6,25,41,15,11,20,40
2002-03-21,8,12,14,21,33,37,45
2002-03-25,5,15,23,26,44,27,2
2002-03-28,7,8,23,30,11,39,9
2002-04-01,6,21,33,24,9,28,36
2002-04-04,10,42,2,18,27,39,19
2002-04-08,7,10,25,32,18,36,28
2002-04-11,5,6,14,16,17,25,28
2002-04-15,3,15,32,7,11,36,45
2002-04-18,23,35,38,43,20,40,28
2002-04-22,3,5,6,24,43,31,20
2002-04-25,30,32,35,41,44,22,27
2002-04-29,10,32,34,44,12,18,45
2002-05-02,21,43,18,27,39,45,31
2002-05-06,35,43,10,9,18,22,40
2002-05-09,17,33,26,4,36,39,45
2002-05-13,3,6,17,24,33,31,27
2002-05-16,6,16,29,30,41,9,27
2002-05-20,7,16,35,43,25,37,45
2002-05-23,5,17,2,9,37,39,36
2002-05-27,24,38,16,4,28,40,45
2002-05-30,5,6,7,12,16,43,42
2002-06-03,8,15,23,41,43,5,4
2002-06-06,6,26,29,34,2,4,37
2002-06-10,25,34,42,10,9,28,31
2002-06-13,1,3,23,11,13,19,40
2002-06-17,1,7,15,30,34,37,4
2002-06-20,17,24,25,34,35,41,39
2002-06-24,3,24,33,42,29,31,45
2002-06-27,12,34,35,44,19,37,31
2002-07-01,1,10,12,9,20,31,36
2002-07-04,1,3,7,17,42,37,22
2002-07-08,10,17,21,42,16,18,20
2002-07-11,17,32,33,44,8,9,28
2002-07-15,10,43,11,22,39,40,4
2002-07-18,8,17,26,32,19,45,11
2002-07-22,5,12,15,16,13,37,40
2002-07-25,7,14,15,25,32,4,36
2002-07-29,1,30,43,5,22,31,36
2002-08-01,16,17,25,41,35,22,31
2002-08-05,25,32,35,43,26,39,40
2002-08-08,10,15,30,18,19,31,28
2002-08-12,1,6,14,25,34,24,27
2002-08-15,6,16,30,43,44,3,11
2002-08-19,17,25,35,42,44,33,37
2002-08-22,3,15,34,43,24,2,11
2002-08-26,5,6,16,21,23,32,4
2002-08-29,21,24,42,43,31,39,40
2002-09-02,6,8,16,26,9,36,39
2002-09-05,1,15,16,32,35,25,36
2002-09-09,17,26,41,43,34,22,37
2002-09-12,3,10,1,4,13,22,45
2002-09-16,5,30,33,34,7,19,27
2002-09-19,17,34,35,42,11,45,28
2002-09-23,7,17,21,26,4,45,37
2002-09-26,3,34,35,41,42,22,31
2002-09-30,21,33,9,19,36,37,18
2002-10-03,12,35,9,22,36,45,20
2002-10-07,10,15,24,29,44,1,22
2002-10-10,1,6,29,42,2,20,27
2002-10-14,8,23,25,33,11,19,27
2002-10-17,3,14,16,24,34,38,39
2002-10-21,24,25,34,38,16,2,40
2002-10-24,1,14,41,44,9,27,31
2002-10-28,6,7,8,10,41,13,37
2002-10-31,12,15,17,35,41,30,45
2002-11-04,8,17,33,20,27,39,40
2002-11-07,8,25,29,34,38,43,9
2002-11-11,7,26,34,42,5,36,39
2002-11-14,3,23,26,35,6,20,36
2002-11-18,12,15,17,42,24,20,22
2002-11-21,3,7,26,34,20,39,45
2002-11-25,25,29,34,18,22,27,45
2002-11-28,7,21,38,41,6,36,45
2002-12-02,1,10,15,30,34,38,23
2002-12-05,5,10,12,17,34,43,44
2002-12-09,5,15,23,24,26,36,13
2002-12-12,15,29,33,34,20,22,37
2002-12-16,32,44,11,13,27,36,45
2002-12-19,12,17,21,29,32,41,19
2002-12-23,5,7,26,30,4,18,2
2002-12-26,6,10,30,44,32,13,40
2002-12-30,5,8,10,16,25,41,3
2003-01-02,1,7,8,21,19,36,9
2003-01-06,6,21,25,41,44,37,19
2003-01-09,3,24,25,32,19,27,28
2003-01-13,5,6,14,21,32,42,1
2003-01-16,1,7,14,17,29,45,22
2003-01-20,5,14,16,21,32,26,40
2003-01-23,7,17,24,41,16,2,18
2003-01-27,17,41,6,13,19,22,28
2003-01-30,5,7,17,32,43,42,22
2003-02-03,15,24,25,33,41,37,45
2003-02-06,12,16,21,25,29,8,45
2003-02-10,15,26,29,21,4,18,28
2003-02-13,7,16,23,29,30,22,2
2003-02-17,8,24,26,41,15,19,20
2003-02-20,8,30,35,43,24,9,39
2003-02-24,16,24,6,18,28,37,39
2003-02-27,38,41,42,15,2,20,28
2003-03-03,1,16,24,29,7,22,39
2003-03-06,10,26,33,3,2,18,45
2003-03-10,10,23,30,33,42,7,9
2003-03-13,10,16,21,32,35,31,39
2003-03-17,3,8,10,16,32,4,11
2003-03-20,12,30,2,9,20,31,40
2003-03-24,17,26,34,41,8,13,39
2003-03-27,1,5,15,16,38,12,11
2003-03-31,1,6,32,9,22,45,36
2003-04-03,21,41,4,11,13,31,39
2003-04-07,3,33,43,30,4,20,28
2003-04-10,10,24,38,42,43,44,4
2003-04-14,21,23,12,18,31,37,45
2003-04-17,15,43,44,10,20,22,40
2003-04-21,3,5,16,42,8,9,11
2003-04-24,3,6,21,30,35,2,19
2003-04-28,5,6,14,26,34,19,45
2003-05-01,1,3,12,43,20,31,18
2003-05-05,7,15,24,30,42,22,19
2003-05-08,7,14,24,33,4,31,13
2003-05-12,6,8,15,25,1,22,36
2003-05-15,1,3,5,33,22,27,31
2003-05-19,1,25,29,20,22,39,27
2003-05-22,23,41,42,15,2,9,11
2003-05-26,5,24,34,42,2,11,37
2003-05-29,5,15,26,29,17,2,20
2003-06-02,29,43,18,22,27,28,2
2003-06-05,10,14,17,21,6,31,45
2003-06-09,14,16,41,44,32,20,28
2003-06-12,5,12,14,17,25,33,36
2003-06-16,12,17,30,43,1,9,20
2003-06-19,16,42,7,18,19,28,31
2003-06-23,3,7,10,35,42,43,5
2003-06-26,1,10,33,16,11,37,40
2003-06-30,8,15,24,25,34,13,27
2003-07-03,23,26,30,43,11,22,37
2003-07-07,7,15,23,43,39,45,22
2003-07-10,1,21,23,2,27,39,19
2003-07-14,24,25,38,42,13,27,31
2003-07-17,12,33,34,30,20,27,28
2003-07-21,6,41,24,2,11,18,28
2003-07-24,15,16,34,41,4,20,11
2003-07-28,3,7,25,26,43,27,18
2003-07-31,1,17,24,29,34,35,28
2003-08-04,3,15,23,24,32,40,11
2003-08-07,1,25,32,41,42,26,36
2003-08-11,17,24,26,33,4,13,18
2003-08-14,15,21,43,44,1,9,39
2003-08-18,14,30,38,4,9,39,28
2003-08-21,10,21,32,5,4,22,36
2003-08-25,12,15,26,30,33,27,39
2003-08-28,24,43,26,22,27,39,45
2003-09-01,5,8,24,4,13,18,31
2003-09-04,5,7,25,10,18,28,40
2003-09-08,14,23,24,41,44,13,40
2003-09-11,12,15,41,44,2,27,28
2003-09-15,8,12,15,29,20,28,18
2003-09-18,14,25,44,17,13,20,36
2003-09-22,5,25,34,42,24,22,37
2003-09-25,29,34,41,20,31,39,36
2003-09-29,1,6,14,16,30,37,9
2003-10-02,5,26,33,35,4,28,22
2003-10-06,6,12,16,25,21,11,36
2003-10-09,10,23,25,8,11,31,39
2003-10-13,12,23,9,19,31,45,37
2003-10-16,5,25,32,34,38,43,31
2003-10-20,5,24,26,38,7,27,39
2003-10-23,8,12,23,38,9,19,37
2003-10-27,3,26,4,9,13,20,39
2003-10-30,6,7,12,14,21,9,4
2003-11-03,16,21,30,41,42,44,13
2003-11-06,5,7,14,34,20,45,19
2003-11-10,14,21,30,32,26,11,19
2003-11-13,6,16,25,34,9,13,45
2003-11-17,12,23,29,9,37,40,27
2003-11-20,15,9,11,22,27,37,45
2003-11-24,1,26,30,32,2,9,18
2003-11-27,15,30,33,11,20,31,13
2003-12-01,5,38,13,20,36,37,2
2003-12-04,16,34,41,12,4,9,20
2003-12-08,3,25,32,33,41,17,19
2003-12-11,7,16,38,4,19,28,27
2003-12-15,10,21,25,33,4,13,18
2003-12-18,3,14,17,34,8,22,40
2003-12-22,3,8,30,33,42,39,27
2003-12-25,3,24,25,29,38,32,28
2003-12-29,12,14,24,30,33,2,18
2004-01-01,7,12,23,34,5,9,19
2004-01-05,8,16,17,41,43,45,27
2004-01-08,17,25,30,34,42,5,37
2004-01-12,15,17,44,9,11,19,37
2004-01-15,5,10,32,26,2,9,39
2004-01-19,14,42,44,18,20,36,13
2004-01-26,8,16,24,35,33,9,36
2004-01-29,3,5,2,4,27,31,45
2004-02-02,6,16,17,34,24,19,28
2004-02-05,14,24,25,30,29,20,36
2004-02-09,6,10,25,34,35,8,19
2004-02-12,3,10,29,42,21,18,36
2004-02-16,6,8,41,39,40,45,22
2004-02-19,5,8,17,21,35,15,36
2004-02-23,6,21,23,38,20,28,39
2004-02-26,3,10,16,26,44,25,40
2004-03-01,14,25,29,20,22,28,27
2004-03-04,6,7,25,41,43,40,2
2004-03-08,17,21,42,44,2,19,18
2004-03-11,24,26,34,43,10,18,36
2004-03-15,1,16,35,32,9,13,45
2004-03-18,6,17,42,43,21,31,40
2004-03-22,16,21,23,35,27,28,22
2004-03-25,38,43,6,13,18,20,37
2004-03-29,1,6,7,24,32,2,19
2004-04-01,3,9,27,28,39,40,31
2004-04-05,7,12,15,33,16,4,13
2004-04-08,25,30,33,11,36,39,4
2004-04-12,8,10,16,29,32,37,2
2004-04-15,3,32,34,26,2,9,19
2004-04-19,10,15,26,36,39,45,18
2004-04-22,6,8,14,23,26,5,37
2004-04-26,7,15,24,25,41,18,37
2004-04-29,6,10,32,43,18,22,31
2004-05-03,3,12,33,4,9,20,37
2004-05-06,5,23,30,34,11,20,27
2004-05-10,6,8,16,21,41,2,19
2004-05-13,16,21,35,24,11,13,45
2004-05-17,6,10,17,21,2,28,13
2004-05-20,17,23,25,32,36,45,20
2004-05-24,6,7,16,33,44,21,40
2004-05-27,1,12,35,4,13,18,37
2004-05-31,8,24,26,29,7,2,36
2004-06-03,8,30,41,43,13,20,28
2004-06-07,3,5,10,26,29,33,43
2004-06-10,10,29,2,11,28,39,40
2004-06-14,17,21,25,30,6,2,28
2004-06-17,12,15,30,32,27,36,9
2004-06-21,21,23,24,30,10,36,40
2004-06-24,10,17,24,43,20,39,13
2004-06-28,17,30,41,38,11,13,37
2004-07-01,15,16,42,43,3,11,22
2004-07-05,10,15,34,43,9,18,11
2004-07-08,1,3,21,32,12,27,40
2004-07-12,5,6,41,42,9,40,18
2004-07-15,6,38,2,4,37,40,19
2004-07-19,12,43,44,33,11,13,20
2004-07-22,21,30,35,24,4,19,45
2004-07-26,7,32,33,24,31,39,45
2004-07-29,1,7,15,26,44,20,39
2004-08-02,1,7,29,8,18,28,40
2004-08-05,14,25,32,41,30,27,28
2004-08-09,16,21,32,41,5,19,20
2004-08-12,14,33,38,35,4,27,37
2004-08-16,12,33,23,11,22,28,37
2004-08-19,15,17,26,34,44,13,18
2004-08-23,14,17,32,41,29,13,37
2004-08-26,1,7,33,21,11,20,36
2004-08-30,1,5,12,30,38,43,41
2004-09-02,3,23,24,33,36,45,27
2004-09-06,6,15,25,16,9,11,13
2004-09-09,14,26,29,30,21,9,18
2004-09-13,23,2,9,20,28,40,39
2004-09-16,5,7,32,35,42,33,20
2004-09-20,26,29,25,2,11,13,31
2004-09-23,7,38,41,43,19,37,4
2004-09-27,3,10,33,42,16,4,37
2004-09-30,17,42,43,30,13,22,31
2004-10-04,30,38,10,11,18,37,39
2004-10-07,7,17,23,30,38,42,36
2004-10-11,16,32,38,2,37,40,13
2004-10-14,24,30,35,41,34,31,45
2004-10-18,10,17,23,29,9,13,28
2004-10-21,3,5,16,21,43,29,28
2004-10-25,8,15,41,44,24,19,20
2004-10-28,15,25,38,43,32,31,45
2004-11-01,3,5,23,43,32,9,45
2004-11-04,8,14,15,34,16,2,11
2004-11-08,3,10,34,43,35,18,31
2004-11-11,14,16,17,33,21,11,40
2004-11-15,14,30,33,34,2,22,37
2004-11-18,3,12,21,32,11,40,45
2004-11-22,15,26,13,18,20,31,45
2004-11-25,15,17,42,44,1,28,39
2004-11-29,17,30,35,41,11,31,18
2004-12-02,6,12,23,4,18,31,20
2004-12-06,12,35,4,11,20,22,37
2004-12-09,6,17,33,43,11,19,2
2004-12-13,33,42,23,2,11,20,27
2004-12-16,6,12,30,41,15,20,40
2004-12-20,7,12,23,38,15,4,22
2004-12-23,14,17,25,33,38,44,13
2004-12-27,1,16,17,26,34,43,39
2004-12-30,6,7,21,33,44,23,9
2005-01-03,21,34,35,38,17,31,37
2005-01-06,3,6,42,13,20,45,28
2005-01-10,10,12,29,27,39,45,40
2005-01-13,7,10,21,25,44,14,28
2005-01-17,6,14,29,32,27,39,45
2005-01-20,15,30,33,34,44,28,36
2005-01-24,12,14,32,42,16,20,39
2005-01-27,5,12,16,42,2,37,40
2005-01-31,16,23,25,44,11,13,19
2005-02-03,6,17,29,38,22,37,40
2005-02-07,6,23,25,38,41,17,40
2005-02-10,14,25,30,42,17,37,39
2005-02-14,5,15,30,34,43,44,42
2005-02-17,5,12,30,43,13,31,39
2005-02-21,3,14,33,41,25,4,27
2005-02-24,6,8,38,43,44,25,45
2005-02-28,7,12,24,25,42,4,20
2005-03-03,7,12,33,35,41,31,13
2005-03-07,10,17,25,34,2,22,45
2005-03-10,5,8,12,14,6,28,31
2005-03-14,1,15,25,26,44,29,45
2005-03-17,7,17,25,43,10,27,28
2005-03-21,1,12,33,34,9,18,20
2005-03-24,14,17,38,30,4,18,28
2005-03-28,21,33,35,4,19,20,27
2005-03-31,12,21,43,2,4,27,37
2005-04-04,21,35,2,20,22,27,37
2005-04-07,7,10,30,38,41,33,11
2005-04-11,6,15,23,32,13,31,18
2005-04-14,10,29,35,41,44,28,37
2005-04-18,1,10,21,24,8,13,39
2005-04-21,10,14,15,30,33,38,3
2005-04-25,6,17,4,13,39,40,20
2005-04-28,5,12,25,38,43,33,37
2005-05-02,10,16,4,18,20,36,13
2005-05-05,1,5,7,14,11,36,22
2005-05-09,12,44,16,4,9,18,40
2005-05-12,7,14,33,43,20,39,9
2005-05-16,24,41,4,9,27,31,19
2005-05-19,1,7,16,38,32,18,19
2005-05-23,1,6,8,29,41,10,4
2005-05-26,8,10,25,26,7,19,36
2005-05-30,3,16,17,42,43,25,19
2005-06-02,5,8,26,41,30,9,18
2005-06-06,1,2,19,27,36,37,18
2005-06-09,7,23,26,43,20,40,36
2005-06-13,14,34,9,27,28,36,45
2005-06-16,5,35,2,22,27,45,20
2005-06-20,23,34,35,4,22,28,11
2005-06-23,5,10,16,42,11,28,31
2005-06-27,8,30,41,22,37,45,11
2005-06-30,1,5,17,29,11,37,20
2005-07-04,17,34,43,16,2,4,45
2005-07-07,3,17,26,7,2,11,39
2005-07-11,10,25,32,34,41,19,18
2005-07-14,1,21,26,30,25,18,37
2005-07-18,1,5,16,4,20,31,19
2005-07-21,5,6,10,33,9,40,37
2005-07-25,12,16,24,34,11,45,36
2005-07-28,8,17,30,32,38,4,40
2005-08-01,8,10,7,13,20,36,39
2005-08-04,1,26,38,44,20,36,11
2005-08-08,5,6,35,16,20,27,36
2005-08-11,3,5,23,35,38,42,12
2005-08-15,1,7,14,42,44,3,27
2005-08-18,1,12,35,4,18,22,20
2005-08-22,29,30,32,35,41,44,3
2005-08-25,5,14,42,18,37,39,31
2005-08-29,8,14,24,25,15,4,31
2005-09-01,1,10,14,41,24,19,20
2005-09-05,12,17,32,9,13,37,18
2005-09-08,16,17,38,11,22,31,36
2005-09-12,15,16,24,38,11,28,20
2005-09-15,3,5,10,15,23,2,28
2005-09-19,6,10,44,1,11,28,31
2005-09-22,12,23,30,34,44,2,31
2005-09-26,5,14,17,43,13,28,40
2005-09-29,15,16,29,41,12,11,31
2005-10-03,1,6,8,17,20,39,28
2005-10-06,6,23,24,29,33,44,16
2005-10-10,10,34,35,43,26,11,19
2005-10-13,1,16,17,30,42,5,45
2005-10-17,21,23,29,32,20,31,22
2005-10-20,5,42,33,4,27,28,45
2005-10-24,1,8,17,44,2,19,28
2005-10-27,23,38,42,43,41,28,36
2005-10-31,15,35,44,9,19,20,18
2005-11-03,8,12,24,35,43,9,37
2005-11-07,5,10,12,24,3,20,40
2005-11-10,23,38,13,22,27,37,39
2005-11-14,17,23,30,32,35,24,4
2005-11-17,25,30,38,41,33,4,37
2005-11-21,7,26,32,44,31,37,22
2005-11-24,10,15,17,44,35,19,40
2005-11-28,15,32,41,34,13,28,45
2005-12-01,1,12,30,43,19,40,39
2005-12-05,21,24,34,12,4,13,27
2005-12-08,23,33,43,16,11,28,45
2005-12-12,24,30,41,9,39,45,37
2005-12-15,26,41,43,6,2,27,37
2005-12-19,34,35,42,44,3,2,18
2005-12-22,24,30,41,43,10,13,39
2005-12-26,15,23,29,42,19,27,4
2005-12-29,1,7,30,33,38,42,6
2006-01-02,8,14,16,4,19,36,37
2006-01-05,16,26,30,34,1,2,13
2006-01-09,14,16,33,38,42,3,27
2006-01-12,6,12,17,33,44,34,19
2006-01-16,1,8,29,38,25,18,39
2006-01-19,5,16,26,44,1,27,40
2006-01-23,14,16,29,41,22,27,2
2006-01-26,1,8,24,42,3,2,36
2006-01-30,12,24,14,18,20,36,37
2006-02-02,5,17,21,23,33,41,44
2006-02-06,3,10,25,32,41,42,27
2006-02-13,7,10,16,42,33,13,37
2006-02-16,1,6,23,42,14,13,18
2006-02-20,3,14,16,34,38,17,40
2006-02-23,6,21,35,3,13,19,40
2006-02-27,3,7,33,2,13,31,4
2006-03-02,10,14,29,19,22,27,45
2006-03-06,1,30,43,28,31,45,9
2006-03-09,5,8,23,35,28,45,39
2006-03-13,3,6,16,32,43,17,4
2006-03-16,1,21,33,41,38,31,40
2006-03-20,34,41,2,9,22,31,36
2006-03-23,25,32,44,16,9,18,40
2006-03-27,12,30,43,33,4,13,20
2006-03-30,15,21,30,43,5,9,22
2006-04-03,7,41,44,9,13,22,31
2006-04-06,23,24,35,38,19,31,2
2006-04-10,5,30,32,38,7,4,11
2006-04-13,8,29,41,44,11,22,45
2006-04-17,17,23,34,22,27,31,37
2006-04-20,1,25,26,35,42,30,36
2006-04-24,33,38,2,9,20,27,18
2006-04-27,1,6,15,9,19,28,27
2006-05-01,1,6,23,41,4,27,28
2006-05-04,10,16,23,25,29,2,20
2006-05-08,17,38,41,1,27,31,40
2006-05-11,6,12,34,35,23,18,19
2006-05-15,5,8,17,25,29,38,39
2006-05-18,30,32,34,26,9,11,31
2006-05-22,7,14,23,24,11,40,31
2006-05-25,1,7,12,38,10,18,45
2006-05-29,12,30,34,44,3,2,31
2006-06-01,3,17,29,30,34,19,11
2006-06-05,6,10,32,38,9,11,45
2006-06-08,1,12,26,21,31,37,45
2006-06-12,14,15,41,43,42,4,36
2006-06-15,5,21,24,30,9,39,31
2006-06-19,3,8,15,21,7,4,31
2006-06-22,7,10,15,41,32,28,37
2006-06-26,1,10,12,29,34,38,35
2006-06-29,7,15,26,30,43,20,36
2006-07-03,12,17,30,4,9,13,27
2006-07-06,10,14,23,24,32,18,27
2006-07-10,26,41,42,33,28,37,39
2006-07-13,7,8,16,35,43,22,19
2006-07-17,3,6,7,12,17,44,20
2006-07-20,1,16,23,38,18,28,31
2006-07-24,8,12,17,33,11,18,19
2006-07-27,35,44,43,11,19,27,36
2006-07-31,5,14,38,44,25,13,31
2006-08-03,21,25,30,41,27,36,45
2006-08-07,1,24,25,42,44,11,28
2006-08-10,3,8,44,13,31,36,11
2006-08-14,35,17,9,19,28,36,40
2006-08-17,5,8,42,30,19,37,45
2006-08-21,1,34,44,3,2,13,28
2006-08-24,7,21,29,32,38,36,4
2006-08-28,5,30,35,23,2,20,45
2006-08-31,1,12,17,21,41,9,36
2006-09-04,5,29,33,44,3,28,40
2006-09-07,1,10,12,16,19,45,4
2006-09-11,8,14,24,25,43,36,31
2006-09-14,12,15,26,29,1,4,45
2006-09-18,7,15,32,35,44,20,28
2006-09-21,17,25,34,8,13,22,31
2006-09-25,1,3,12,33,11,18,19
2006-09-28,6,2,22,28,31,39,40
2006-10-02,7,10,34,35,4,13,22
2006-10-09,26,30,33,43,11,18,28
2006-10-12,7,12,34,4,19,20,31
2006-10-16,3,21,23,35,44,11,22
2006-10-19,8,23,38,15,2,31,37
2006-10-23,3,6,16,23,26,41,9
2006-10-26,16,21,24,32,41,7,19
2006-10-30,1,21,24,4,22,40,18
2006-11-02,8,12,29,43,22,31,45
2006-11-06,10,21,32,43,26,27,37
2006-11-09,5,12,14,17,29,6,22
2006-11-13,1,7,15,43,14,18,28
2006-11-16,5,21,17,13,18,22,28
2006-11-20,38,44,4,13,27,37,18
2006-11-23,5,17,21,23,32,42,38
2006-11-27,15,26,30,17,4,13,28
2006-11-30,3,17,33,34,38,9,27
2006-12-04,7,34,25,4,11,18,37
2006-12-07,3,5,7,24,44,34,11
2006-12-11,5,7,10,35,4,9,37
2006-12-14,1,5,6,25,29,35,18
2006-12-18,5,7,15,25,32,38,30
2006-12-21,5,7,17,29,43,2,39
2006-12-25,6,10,14,26,31,37,27
2006-12-28,5,24,29,32,27,36,45
2007-01-01,6,8,10,38,41,45,9
2007-01-04,7,10,24,29,34,44,22
2007-01-08,17,34,38,11,18,19,40
2007-01-11,10,23,35,43,9,45,31
2007-01-15,16,24,35,21,20,27,36
2007-01-18,17,24,26,8,2,40,45
2007-01-22,10,32,44,1,13,20,36
2007-01-25,14,16,25,26,44,36,45
2007-01-29,17,21,32,38,28,37,39
2007-02-01,10,17,25,26,24,19,45
2007-02-05,29,32,34,41,19,20,36
2007-02-08,5,12,24,3,19,31,40
2007-02-12,3,5,10,16,17,33,40
2007-02-15,3,8,16,26,29,11,39
2007-02-19,17,24,25,32,41,30,2
2007-02-22,6,12,30,33,41,20,39
2007-02-26,6,17,33,41,14,11,13
2007-03-05,7,26,41,18,19,27,20
2007-03-08,8,26,43,5,4,11,22
2007-03-12,14,17,34,42,38,39,40
2007-03-15,5,7,30,12,13,22,27
2007-03-19,15,16,25,32,2,19,37
2007-03-22,3,26,34,42,43,9,18
2007-03-26,8,10,32,42,44,39,40
2007-03-29,3,5,17,21,43,9,36
2007-04-02,3,7,26,30,38,29,9
2007-04-05,8,16,17,41,44,29,4
2007-04-09,14,15,32,34,44,19,22
2007-04-12,5,8,12,14,30,18,19
2007-04-16,10,16,23,24,29,33,3
2007-04-19,24,25,41,43,44,21,19
2007-04-23,3,6,8,30,35,27,39
2007-04-26,12,30,44,38,2,4,37
2007-04-30,1,7,16,20,39,45,27
2007-05-03,6,7,10,11,13,39,37
2007-05-07,7,21,23,26,33,35,31
2007-05-10,7,18,22,27,36,45,31
2007-05-14,5,12,14,17,23,11,19
2007-05-17,5,6,14,17,32,3,39
2007-05-21,8,15,17,42,32,11,39
2007-05-24,5,24,29,41,43,26,40
2007-05-28,7,16,17,35,33,11,20
2007-05-31,6,10,25,34,38,32,9
2007-06-04,10,24,29,38,34,4,40
2007-06-07,1,33,10,18,27,37,45
2007-06-11,12,24,43,44,15,4,9
2007-06-14,8,33,38,30,19,22,28
2007-06-18,8,26,43,21,13,18,20
2007-06-21,30,35,44,11,13,19,31
2007-06-25,8,24,26,38,41,42,1
2007-06-28,17,33,34,41,42,38,18
2007-07-02,32,41,4,13,20,31,36
2007-07-09,15,38,35,19,20,22,27
2007-07-12,17,35,4,22,31,40,13
2007-07-16,3,17,44,5,4,20,22
2007-07-19,10,41,17,18,27,39,45
2007-07-23,10,33,42,9,13,19,37
2007-07-26,1,8,29,32,25,11,31
2007-07-30,7,14,29,22,37,39,40
2007-08-02,6,17,42,15,13,36,39
2007-08-06,12,33,42,44,19,36,4
2007-08-09,7,10,25,34,11,31,39
2007-08-13,17,25,43,26,18,20,27
2007-08-16,3,6,32,41,28,39,11
2007-08-20,3,34,41,43,16,28,37
2007-08-23,3,21,14,2,9,28,40
2007-08-27,1,12,30,34,25,4,27
2007-08-30,14,16,24,41,43,22,40
2007-09-03,8,21,33,41,17,37,39
2007-09-06,5,12,16,42,38,22,40
2007-09-10,3,5,12,16,6,20,27
2007-09-13,7,25,32,41,43,2,27
2007-09-17,5,7,8,12,15,26,24
2007-09-24,7,8,16,41,28,31,37
2007-09-27,1,17,29,14,4,36,39
2007-10-01,35,41,14,2,18,31,39
2007-10-04,1,6,26,32,21,37,40
2007-10-08,8,24,33,32,27,28,39
2007-10-11,14,15,24,43,6,9,22
2007-10-15,7,29,41,42,25,4,11
2007-10-18,24,26,30,33,7,31,39
2007-10-22,16,23,24,29,42,2,18
2007-10-25,15,30,33,27,36,45,31
2007-10-29,3,10,17,26,30,11,36
2007-11-01,35,41,8,2,20,27,28
2007-11-05,1,17,34,42,43,24,40
2007-11-08,15,17,38,8,2,4,39
2007-11-12,5,6,17,26,4,11,36
2007-11-15,8,16,30,38,11,27,37
2007-11-19,5,42,43,1,9,11,39
2007-11-22,17,24,38,41,44,21,37
2007-11-26,7,24,29,33,19,22,28
2007-11-29,3,7,8,16,25,5,18
2007-12-03,7,25,33,23,2,22,39
2007-12-06,1,21,30,35,2,31,37
2007-12-10,5,7,8,17,2,22,36
2007-12-13,7,10,26,43,33,18,31
2007-12-17,3,5,8,12,43,18,45
2007-12-20,5,7,16,17,23,6,39
2007-12-24,1,15,25,26,41,30,27
2007-12-27,8,12,33,35,38,27,31
2007-12-31,3,10,21,33,2,22,39
2008-01-03,16,17,32,35,42,3,11
2008-01-07,8,10,12,24,4,11,20
2008-01-10,17,33,43,25,9,11,37
2008-01-14,3,23,25,34,43,22,27
2008-01-17,6,16,32,35,13,20,40
2008-01-21,7,10,14,23,2,27,40
2008-01-24,14,24,43,6,19,39,40
2008-01-28,7,25,29,30,2,11,9
2008-01-31,7,12,17,29,38,42,13
2008-02-04,3,43,44,9,19,27,39
2008-02-07,1,3,18,27,36,37,22
2008-02-11,5,8,17,30,43,42,31
2008-02-14,12,15,33,38,42,4,45
2008-02-21,1,15,25,18,19,37,2
2008-02-25,6,29,34,41,24,9,39
2008-02-28,21,24,32,38,9,19,27
2008-03-03,6,15,26,35,42,4,28
2008-03-06,3,12,29,33,2,36,31
2008-03-10,10,15,35,30,20,27,28
2008-03-13,1,8,33,44,12,2,11
2008-03-17,8,23,32,35,44,33,27
2008-03-20,1,7,15,41,42,9,11
2008-03-24,14,24,32,18,19,39,40
2008-03-27,1,16,24,25,8,27,36
2008-03-31,1,15,30,43,42,4,40
2008-04-03,5,14,4,9,18,31,27
2008-04-07,7,29,32,18,19,37,36
2008-04-10,12,33,41,9,31,39,22
2008-04-14,5,35,42,44,13,19,36
2008-04-17,38,41,18,28,36,39,37
2008-04-21,15,23,24,32,9,18,11
2008-04-24,6,10,14,21,33,42,45
2008-04-28,14,24,29,42,10,19,20
2008-05-01,25,32,33,38,8,27,39
2008-05-05,10,17,38,44,11,20,22
2008-05-08,14,16,26,44,24,27,37
2008-05-12,12,33,26,20,27,31,37
2008-05-15,15,25,42,44,2,39,4
2008-05-19,7,17,32,38,11,27,4
2008-05-26,8,25,29,43,18,45,37
2008-05-29,1,12,14,25,30,43,31
2008-06-02,34,9,22,36,39,45,27
2008-06-05,1,10,14,32,35,41,37
2008-06-09,7,21,2,4,20,27,11
2008-06-12,21,23,25,30,13,40,28
2008-06-16,3,21,23,34,42,16,31
2008-06-19,3,16,25,34,6,28,39
2008-06-23,6,26,32,33,28,39,2
2008-06-26,15,16,24,17,2,13,28
2008-06-30,14,41,44,4,9,37,22
2008-07-03,6,14,15,35,11,28,45
2008-07-07,21,2,18,19,39,45,36
2008-07-10,32,41,42,43,44,22,31
2008-07-14,5,12,17,38,18,40,22
2008-07-17,5,10,25,27,36,39,40
2008-07-21,5,25,44,13,27,40,2
2008-07-24,5,21,42,15,2,9,20
2008-07-28,16,21,26,24,4,31,37
2008-07-31,10,14,30,34,9,18,11
2008-08-04,10,12,42,43,24,4,20
2008-08-11,3,15,23,42,7,11,31
2008-08-14,6,7,38,28,36,45,37
2008-08-18,6,29,26,4,18,22,27
2008-08-21,5,30,41,9,19,45,22
2008-08-25,6,8,12,15,33,37,36
2008-08-28,16,32,44,6,2,11,45
2008-09-01,5,14,29,34,30,37,39
2008-09-04,8,25,33,43,39,40,45
2008-09-08,8,17,41,44,43,20,39
2008-09-11,8,10,23,41,38,20,40
2008-09-15,12,21,25,32,11,13,2
2008-09-18,10,23,38,41,31,37,20
2008-09-22,6,10,21,30,35,1,18
2008-09-25,1,15,17,26,38,42,21
2008-09-29,10,44,9,22,27,36,39
2008-10-02,3,6,7,12,11,27,37
2008-10-06,6,30,42,13,22,31,40
2008-10-09,33,38,42,15,2,20,31
2008-10-13,23,24,25,30,41,14,9
2008-10-16,17,23,24,38,44,26,40
2008-10-20,12,16,23,25,35,41,18
2008-10-23,5,24,41,11,18,39,45
2008-10-27,1,3,6,7,26,39,18
2008-10-30,1,17,23,35,38,34,9
2008-11-03,1,6,35,42,44,31,40
2008-11-06,24,26,32,35,21,13,27
2008-11-10,3,8,12,14,24,36,40
2008-11-13,5,12,15,29,20,36,19
2008-11-17,8,17,24,30,42,43,18
2008-11-20,24,29,38,17,18,28,31
2008-11-24,1,12,33,21,19,22,37
2008-11-27,17,25,41,29,9,18,45
2008-12-01,5,16,23,26,30,4,13
2008-12-04,34,42,43,26,2,9,39
2008-12-08,15,35,13,18,22,37,45
2008-12-11,6,42,43,2,4,28,39
2008-12-15,17,30,32,29,19,28,36
2008-12-18,1,6,17,21,10,2,18
2008-12-22,10,12,16,26,33,34,29
2008-12-25,3,17,34,41,33,4,28
2008-12-29,3,14,25,38,1,2,27
2009-01-01,3,12,4,22,27,39,37
2009-01-05,6,8,44,4,18,27,13
2009-01-08,6,21,23,30,34,28,39
2009-01-12,5,6,15,16,2,28,36
2009-01-15,5,15,33,43,30,18,19
2009-01-19,3,8,25,30,21,31,45
2009-01-22,15,29,33,43,44,20,39
2009-01-26,3,16,41,44,1,4,11
2009-01-29,3,16,32,43,13,22,31
2009-02-02,5,16,41,43,7,13,27
2009-02-09,5,10,24,29,20,31,36
2009-02-12,17,24,30,2,11,36,45
2009-02-16,21,25,41,4,9,45,37
2009-02-19,14,33,34,44,35,9,39
2009-02-23,5,14,2,9,11,27,19
2009-02-26,6,10,32,33,35,15,13
2009-03-02,1,32,19,22,28,45,13
2009-03-05,5,6,33,34,44,22,45
2009-03-09,3,10,12,30,4,31,9
2009-03-12,16,4,22,31,36,40,20
2009-03-16,15,16,24,33,42,2,39
2009-03-19,16,26,29,44,14,31,40
2009-03-23,8,14,30,38,17,20,45
2009-03-26,14,21,23,32,8,36,40
2009-03-30,6,21,32,44,4,20,18
2009-04-02,17,34,6,20,22,31,45
2009-04-06,7,15,26,34,28,40,19
2009-04-09,26,34,29,20,36,37,39
2009-04-13,17,23,24,29,30,38,18
2009-04-16,7,16,34,42,10,18,31
2009-04-20,15,41,43,17,4,18,20
2009-04-23,30,32,42,15,4,18,27
2009-04-27,8,30,38,20,31,37,9
2009-04-30,15,29,41,43,1,9,18
2009-05-04,3,16,42,35,2,4,13
2009-05-07,5,17,29,42,10,31,45
2009-05-11,3,14,24,26,33,11,37
2009-05-14,12,17,29,30,32,9,28
2009-05-18,16,35,32,13,27,31,45
2009-05-25,7,8,21,26,30,15,45
2009-05-28,21,8,2,4,19,22,31
2009-06-01,24,26,30,38,41,4,31
2009-06-04,3,24,29,32,22,28,37
2009-06-08,10,12,17,24,42,7,40
2009-06-11,16,23,35,42,17,2,40
2009-06-15,1,23,35,41,5,20,27
2009-06-18,21,23,29,34,22,36,20
2009-06-22,5,16,14,11,19,28,31
2009-06-25,5,23,34,12,18,37,40
2009-06-29,7,10,24,29,30,22,4
2009-07-02,1,3,5,14,15,25,16
2009-07-06,14,16,17,29,32,34,45
2009-07-09,21,32,35,44,11,13,18
2009-07-13,25,26,32,42,43,3,36
2009-07-16,10,30,6,20,31,39,45
2009-07-20,12,26,38,1,28,37,39
2009-07-23,15,24,25,32,33,44,29
2009-07-27,32,42,12,4,11,36,39
2009-07-30,1,8,12,24,35,22,45
2009-08-03,21,23,33,44,6,11,31
2009-08-06,1,6,7,8,33,19,31
2009-08-10,15,23,29,33,20,22,28
2009-08-13,1,23,38,42,37,39,40
2009-08-17,1,29,43,17,13,22,45
2009-08-20,3,10,12,16,29,17,13
2009-08-24,6,7,8,10,12,26,13
2009-08-27,6,7,32,41,8,9,19
2009-08-31,10,17,42,2,27,40,11
2009-09-03,6,25,30,33,44,2,31
2009-09-07,1,5,15,33,34,37,28
2009-09-10,25,29,2,36,37,40,19
2009-09-14,10,12,21,35,2,18,39
2009-09-17,1,8,10,29,38,34,36
2009-09-21,3,8,12,34,19,40,22
2009-09-28,6,16,21,10,4,40,45
2009-10-01,7,10,33,43,31,45,22
2009-10-05,10,14,21,30,44,8,39
2009-10-08,21,30,34,11,13,18,31
2009-10-12,1,16,38,20,22,27,31
2009-10-15,7,23,22,36,37,45,31
2009-10-19,5,21,34,41,22,36,9
2009-10-22,34,35,43,1,13,31,40
2009-10-26,23,29,32,25,2,19,28
2009-10-29,1,6,25,29,32,24,28
2009-11-02,16,23,22,31,37,39,18
2009-11-05,5,23,25,13,27,37,4
2009-11-09,6,7,32,35,42,18,28
2009-11-12,16,26,29,41,20,40,18
2009-11-16,24,33,34,41,25,20,31
2009-11-19,10,33,44,15,22,37,45
2009-11-23,1,21,29,30,38,20,22
2009-11-26,5,12,17,30,43,11,20
2009-11-30,1,17,35,44,22,45,36
2009-12-03,1,8,10,12,14,15,13
2009-12-07,21,4,13,22,27,39,45
2009-12-10,8,10,21,25,26,13,45
2009-12-14,8,14,21,3,2,20,37
2009-12-17,3,7,34,41,11,31,22
2009-12-21,8,16,17,38,42,12,4
2009-12-24,5,26,29,9,11,27,2
2009-12-28,24,33,44,9,36,37,40
2009-12-31,7,8,35,44,36,39,37
2010-01-04,16,30,41,26,11,20,27
2010-01-07,5,6,34,42,35,22,45
2010-01-11,6,26,29,30,41,12,39
2010-01-14,3,26,34,41,42,31,36
2010-01-18,1,16,24,25,22,36,13
2010-01-21,15,17,38,44,6,20,39
2010-01-25,1,8,14,17,42,15,36
2010-01-28,6,8,21,30,41,11,18
2010-02-01,3,5,15,23,32,42,30
2010-02-04,24,29,32,44,12,28,39
2010-02-08,14,15,29,32,12,9,27
2010-02-11,1,14,42,43,3,2,31
2010-02-15,24,29,35,42,34,4,28
2010-02-18,6,29,30,26,9,31,37
2010-02-22,25,43,30,9,18,37,40
2010-03-01,23,25,42,27,31,40,20
2010-03-04,14,23,43,24,4,27,45
2010-03-08,3,21,24,13,22,36,40
2010-03-11,6,10,15,42,33,11,13
2010-03-15,7,32,42,28,31,39,9
2010-03-18,1,6,30,32,8,4,31
2010-03-22,12,16,23,29,10,9,31
2010-03-25,10,24,29,33,42,13,31
2010-03-29,30,41,43,44,14,2,18
2010-04-01,5,6,30,21,4,18,28
2010-04-05,21,3,9,13,31,37,39
2010-04-08,5,14,24,29,26,9,22
2010-04-12,5,10,33,16,28,36,39
2010-04-15,12,23,26,38,43,25,13
2010-04-19,23,32,38,43,1,9,39
2010-04-22,26,30,35,43,9,31,45
2010-04-26,7,14,23,32,44,36,31
2010-04-29,12,23,30,41,38,20,31
2010-05-03,1,6,25,42,8,19,45
2010-05-06,8,33,42,44,4,45,19
2010-05-10,1,12,16,34,41,18,36
2010-05-17,6,16,23,33,22,31,20
2010-05-20,8,12,30,27,31,36,40
2010-05-24,8,23,33,19,22,28,13
2010-05-27,1,5,12,33,38,11,20
2010-05-31,6,7,12,44,9,13,28
2010-06-03,24,26,30,32,33,3,18
2010-06-07,1,8,17,33,25,13,22
2010-06-10,35,43,44,17,20,31,40
2010-06-14,7,14,15,44,13,18,28
2010-06-17,14,15,38,35,13,20,45
2010-06-21,10,14,16,41,1,19,37
2010-06-24,25,1,2,4,13,22,39
2010-06-28,5,8,17,32,34,27,22
2010-07-01,14,25,43,44,29,22,36
2010-07-05,7,10,29,30,34,41,17
2010-07-08,3,6,23,38,14,9,39
2010-07-12,3,14,26,42,33,4,18
2010-07-15,10,17,23,25,33,20,31
2010-07-19,3,5,10,35,4,19,9
2010-07-26,7,21,30,41,9,28,37
2010-07-29,6,7,23,42,44,38,11
2010-08-02,7,10,29,43,25,2,4
2010-08-05,6,10,12,23,25,22,40
2010-08-09,15,16,38,43,11,36,40
2010-08-12,5,12,23,26,29,31,19
2010-08-16,12,15,29,43,41,4,13
2010-08-19,8,30,33,43,32,19,31
2010-08-23,7,29,43,9,37,40,11
2010-08-26,3,32,34,43,28,45,37
2010-08-30,12,16,21,29,34,38,40
2010-09-02,7,12,17,25,1,18,27
2010-09-06,7,12,29,16,13,22,28
2010-09-09,21,32,34,2,18,22,40
2010-09-13,3,6,15,25,43,44,28
2010-09-16,1,3,17,24,29,8,45
2010-09-20,10,23,34,38,42,32,28
2010-09-23,1,3,29,11,13,19,37
2010-09-27,1,16,32,34,35,42,22
2010-09-30,8,16,17,25,26,43,45
2010-10-04,7,10,16,35,13,18,19
2010-10-07,17,23,35,41,44,9,22
2010-10-11,5,23,24,17,2,18,36
2010-10-14,8,14,25,41,29,31,40
2010-10-18,3,42,10,9,11,28,36
2010-10-21,7,15,17,25,18,27,2
2010-10-25,7,2,9,18,31,45,4
2010-10-28,32,33,38,1,2,13,22
2010-11-01,21,30,34,18,19,27,37
2010-11-04,6,17,41,43,9,11,27
2010-11-08,17,34,14,13,18,20,39
2010-11-11,10,34,25,20,27,39,45
2010-11-15,3,8,29,32,35,24,39
2010-11-18,3,7,10,43,25,31,36
2010-11-22,8,12,21,38,13,27,45
2010-11-25,14,23,33,35,15,9,11
2010-11-29,17,23,11,13,39,40,4
2010-12-02,7,24,25,35,4,36,13
2010-12-06,1,6,24,34,11,20,2
2010-12-09,26,30,32,41,43,11,40
2010-12-13,6,12,17,34,43,27,9
2010-12-16,6,30,35,41,26,36,45
2010-12-20,6,30,32,5,13,20,31
2010-12-23,10,15,21,44,38,11,39
2010-12-27,7,14,16,4,9,11,20
2010-12-30,6,10,15,21,32,30,22
2011-01-03,5,6,21,23,30,18,37
2011-01-06,12,25,30,34,9,31,27
2011-01-10,29,16,4,9,20,27,28
2011-01-13,6,7,23,34,41,10,36
2011-01-17,17,32,41,22,36,45,4
2011-01-20,14,15,23,24,11,28,2
2011-01-24,15,23,32,41,9,28,40
2011-01-31,6,43,9,19,22,39,27
2011-02-03,24,26,14,2,4,13,39
2011-02-07,3,12,24,26,44,1,4
2011-02-10,6,26,38,8,9,18,37
2011-02-14,1,16,30,38,24,13,39
2011-02-21,6,7,16,30,26,20,28
2011-02-24,7,10,17,16,13,36,45
2011-02-28,8,30,41,43,9,11,36
2011-03-03,1,6,10,32,43,31,45
2011-03-07,17,16,41,8,19,28,36
2011-03-10,8,24,19,22,39,40,2
2011-03-14,23,24,32,35,38,22,2
2011-03-17,5,29,33,2,22,36,4
2011-03-21,7,29,32,38,3,31,45
2011-03-24,7,17,23,24,26,28,18
2011-03-28,16,23,29,30,35,11,40
2011-03-31,3,14,34,7,9,13,27
2011-04-04,3,35,44,4,9,22,45
2011-04-07,16,23,25,43,22,28,37
2011-04-11,15,30,12,9,27,28,40
2011-04-14,6,10,17,29,33,44,9
2011-04-18,7,10,16,29,32,2,18
2011-04-21,24,25,32,38,43,39,2
2011-04-25,21,23,25,44,43,2,27
2011-04-28,12,16,21,13,28,39,2
2011-05-02,3,12,15,29,41,28,4
2011-05-05,10,26,29,34,35,41,22
2011-05-09,6,14,16,42,26,19,39
2011-05-12,7,23,26,29,38,19,31
2011-05-16,16,35,18,22,27,36,11
2011-05-19,6,23,26,3,22,27,31
2011-05-23,1,12,14,21,26,17,37
2011-05-26,5,6,14,44,2,40,28
2011-05-30,14,17,44,7,19,28,37
2011-06-02,1,3,15,42,10,2,31
2011-06-06,8,21,24,2,13,28,37
2011-06-09,8,17,29,26,9,28,31
2011-06-13,17,24,41,43,12,18,27
2011-06-16,10,17,29,30,42,26,40
2011-06-20,14,32,42,2,11,22,40
2011-06-23,3,7,17,21,12,4,39
2011-06-27,10,33,44,38,13,18,27
2011-06-30,17,30,43,4,39,45,19
2011-07-04,33,42,17,11,13,19,37
2011-07-07,35,41,43,44,32,36,40
2011-07-11,41,44,23,4,9,18,19
2011-07-14,10,17,23,29,15,9,45
2011-07-18,6,14,16,19,20,28,39
2011-07-25,23,32,42,11,20,39,19
2011-07-28,16,23,33,38,4,9,39
2011-08-01,17,21,24,30,16,20,22
2011-08-04,1,26,34,42,7,13,45
2011-08-08,1,6,8,29,26,31,36
2011-08-11,1,23,24,12,13,22,36
2011-08-15,3,7,30,41,27,45,9
2011-08-18,3,7,26,29,30,43,18
2011-08-22,25,34,35,43,8,2,37
2011-08-25,1,5,7,10,26,15,22
2011-08-29,10,12,16,38,11,36,39
2011-09-01,3,17,44,13,28,45,9
2011-09-05,1,6,29,44,3,18,27
2011-09-12,6,17,24,26,9,20,28
2011-09-15,7,8,15,23,16,27,36
2011-09-19,17,29,44,2,9,13,27
2011-09-22,21,44,24,2,11,36,37
2011-09-26,8,15,17,21,33,37,18
2011-09-29,7,12,16,34,41,38,11
2011-10-03,1,32,43,16,18,31,36
2011-10-06,1,21,23,10,13,19,37
2011-10-10,5,15,34,35,41,11,19
2011-10-13,16,21,32,26,20,28,36
2011-10-17,23,24,33,9,28,31,20
2011-10-20,5,7,21,35,38,24,45
2011-10-24,24,42,4,27,37,40,22
2011-10-27,12,32,42,26,18,27,28
2011-10-31,7,23,24,35,33,4,18
2011-11-03,8,12,24,41,23,39,40
2011-11-07,12,13,19,20,27,28,40
2011-11-10,30,34,44,12,11,18,27
2011-11-14,1,34,35,43,41,4,11
2011-11-17,12,23,30,41,10,19,36
2011-11-21,6,17,26,7,13,36,39
2011-11-24,32,41,43,44,21,13,20
2011-11-28,7,24,33,6,19,20,36
2011-12-01,5,7,38,44,15,27,36
2011-12-05,10,21,32,44,4,22,27
2011-12-08,3,5,7,17,41,30,45
2011-12-12,10,33,35,16,2,20,28
2011-12-15,6,15,16,35,4,20,36
2011-12-19,3,10,38,41,21,37,40
2011-12-22,7,26,33,30,9,39,40
2011-12-26,1,3,41,42,13,36,37
2011-12-29,17,21,24,26,13,22,45
2012-01-02,3,30,43,20,36,37,22
2012-01-05,5,7,15,24,33,27,45
2012-01-09,12,21,43,33,9,22,28
2012-01-12,16,23,43,25,4,18,22
2012-01-16,14,29,27,28,36,40,19
2012-01-23,5,15,17,29,33,32,31
2012-01-26,5,15,16,34,14,4,40
2012-01-30,14,17,32,33,38,41,27
2012-02-06,3,5,24,29,7,4,9
2012-02-09,8,12,44,23,9,31,45
2012-02-13,7,17,23,33,4,9,18
2012-02-16,12,21,24,35,30,13,20
2012-02-20,17,33,42,2,20,36,37
2012-02-23,12,25,38,43,44,15,20
2012-02-27,14,17,32,33,7,9,45
2012-03-01,12,17,23,30,41,11,31
2012-03-05,8,17,25,29,13,27,11
2012-03-08,5,38,41,1,11,39,45
2012-03-12,1,25,26,33,11,20,36
2012-03-15,8,15,21,35,7,2,27
2012-03-19,6,8,23,29,44,13,19
2012-03-22,7,12,21,34,42,14,39
2012-03-26,5,15,30,1,2,4,40
2012-03-29,1,33,5,19,36,37,40
2012-04-02,1,21,42,44,18,31,28
2012-04-05,12,17,43,44,41,13,36
2012-04-09,1,24,42,32,2,19,45
2012-04-12,34,38,43,22,31,36,39
2012-04-16,1,43,44,12,11,27,37
2012-04-19,15,21,26,30,9,18,39
2012-04-23,1,10,15,17,34,9,19
2012-04-26,14,26,30,43,12,4,9
2012-04-30,5,15,29,25,36,37,45
2012-05-03,3,14,8,2,9,13,39
2012-05-07,8,12,29,32,42,24,28
2012-05-10,8,38,5,9,11,20,22
2012-05-14,8,14,24,29,41,43,22
2012-05-21,7,34,42,4,27,36,11
2012-05-24,30,34,38,6,13,22,31
2012-05-28,5,8,17,35,43,1,22
2012-05-31,7,15,38,43,14,13,19
2012-06-04,12,17,41,10,11,20,40
2012-06-07,5,8,23,30,16,19,20
2012-06-11,1,3,35,38,6,9,11
2012-06-14,16,17,25,35,27,28,45
2012-06-18,1,8,16,33,12,2,9
2012-06-21,6,8,10,14,21,43,18
2012-06-25,8,30,38,14,18,19,31
2012-06-28,12,15,16,21,25,26,8
2012-07-02,7,10,12,29,35,38,8
2012-07-05,29,33,34,42,44,17,37
2012-07-09,16,26,33,43,9,22,45
2012-07-12,3,21,23,25,2,19,45
2012-07-16,5,12,17,33,15,18,40
2012-07-23,1,21,23,44,42,4,39
2012-07-26,1,8,25,32,34,22,36
2012-07-30,32,43,11,28,37,45,13
2012-08-02,8,12,15,23,26,4,27
2012-08-06,10,15,30,25,22,28,40
2012-08-09,1,6,12,25,41,16,4
2012-08-13,32,41,44,20,27,40,22
2012-08-16,17,26,32,10,4,11,22
2012-08-20,10,26,41,44,15,20,28
2012-08-23,6,24,25,29,22,31,37
2012-08-27,7,10,42,32,9,19,22
2012-08-30,7,30,42,44,37,45,31
2012-09-03,6,23,35,8,31,37,39
2012-09-06,7,21,4,9,11,45,27
2012-09-10,5,8,12,35,17,27,39
2012-09-13,3,14,17,44,22,31,9
2012-09-17,8,21,32,35,43,39,18
2012-09-20,25,33,41,13,20,22,37
2012-09-24,5,7,10,34,32,36,37
2012-09-27,30,38,43,9,11,39,40
2012-10-01,3,7,8,16,21,24,26
2012-10-04,6,30,33,38,41,43,13
2012-10-08,14,17,32,35,11,18,27
2012-10-11,5,6,25,33,17,22,27
2012-10-15,1,17,38,26,31,37,45
2012-10-18,5,26,34,6,2,22,36
2012-10-22,12,14,23,41,1,18,28
2012-10-25,17,21,30,9,28,37,40
2012-10-29,14,15,21,24,25,42,36
2012-11-01,10,15,34,41,13,27,31
2012-11-05,17,29,4,9,13,20,40
2012-11-08,3,7,38,41,43,12,19
2012-11-12,14,25,33,32,9,18,19
2012-11-15,21,30,42,29,13,20,40
2012-11-19,15,30,32,33,11,22,19
2012-11-22,1,3,24,42,41,13,22
2012-11-26,12,17,29,34,23,2,39
2012-11-29,7,10,23,30,42,4,9
2012-12-03,14,33,34,1,22,27,31
2012-12-06,3,6,10,23,17,13,27
2012-12-10,15,24,29,42,3,19,31
2012-12-13,8,12,15,26,33,42,2
2012-12-17,24,26,44,9,20,40,22
2012-12-20,25,26,42,44,5,18,22
2012-12-24,7,10,12,16,42,8,11
2012-12-27,17,30,16,20,22,36,37
2012-12-31,14,25,34,42,17,4,45
2013-01-03,30,35,42,44,1,19,45
2013-01-07,12,16,26,38,11,22,31
2013-01-10,21,26,38,41,43,16,4
2013-01-14,23,30,43,41,13,36,40
2013-01-17,7,10,24,26,27,31,20
2013-01-21,3,6,29,33,35,41,4
2013-01-24,24,38,44,17,11,20,39
2013-01-28,23,29,32,38,16,22,27
2013-01-31,3,5,42,43,17,36,37
2013-02-04,7,16,24,9,39,40,18
2013-02-11,1,15,33,42,38,4,18
2013-02-14,6,25,38,44,23,28,31
2013-02-18,8,14,24,35,4,31,45
2013-02-25,5,6,10,21,26,1,37
2013-02-28,1,10,15,34,38,41,25
2013-03-04,1,14,23,11,20,36,27
2013-03-07,16,25,26,20,22,27,18
2013-03-11,3,14,15,33,2,40,45
2013-03-14,8,16,43,24,9,13,22
2013-03-18,6,8,23,2,27,39,4
2013-03-21,3,35,38,29,31,36,45
2013-03-25,23,38,41,44,22,45,39
2013-03-28,24,30,33,35,38,17,37
2013-04-01,8,10,15,21,26,28,40
2013-04-04,16,12,19,22,27,36,39
2013-04-08,12,32,20,28,31,40,27
2013-04-11,3,15,41,17,2,27,45
2013-04-15,10,26,32,38,42,27,11
2013-04-18,1,24,26,44,5,11,13
2013-04-22,6,41,5,11,22,31,36
2013-04-25,3,12,17,43,27,28,45
2013-04-29,15,17,23,26,4,19,22
2013-05-02,1,12,43,20,22,31,27
2013-05-06,14,34,35,4,9,19,22
2013-05-09,12,24,34,10,2,22,31
2013-05-13,1,5,7,24,3,27,45
2013-05-20,1,7,10,23,25,35,18
2013-05-23,7,17,26,5,13,19,20
2013-05-27,23,1,9,13,18,19,28
2013-05-30,26,44,12,4,9,27,37
2013-06-03,16,25,38,23,2,18,19
2013-06-06,14,16,30,32,34,11,19
2013-06-10,23,29,38,21,11,13,31
2013-06-13,7,25,38,35,11,36,37
2013-06-17,5,16,30,32,33,41,14
2013-06-20,5,26,4,11,37,45,39
2013-06-24,15,17,32,42,44,36,37
2013-06-27,12,21,26,29,19,22,39
2013-07-01,12,15,35,38,41,2,28
2013-07-04,7,23,35,41,43,29,27
2013-07-08,14,32,34,9,18,20,45
2013-07-11,10,14,15,42,9,18,31
2013-07-15,10,34,11,19,22,45,31
2013-07-18,6,25,43,44,42,28,45
2013-07-22,15,23,34,19,31,40,45
2013-07-25,1,25,41,44,11,39,2
2013-07-29,12,23,17,9,22,31,37
2013-08-05,1,24,32,38,11,31,36
2013-08-08,25,33,42,43,23,18,27
2013-08-12,10,12,14,34,28,36,40
2013-08-15,6,7,26,33,35,19,31
2013-08-19,14,26,30,41,38,19,45
2013-08-22,15,16,30,34,38,42,1
2013-08-26,7,29,38,6,4,11,22
2013-08-29,7,8,14,44,16,13,28
2013-09-02,7,21,29,41,31,45,9
2013-09-05,8,41,21,19,20,27,45
2013-09-09,6,8,23,41,44,24,28
2013-09-12,5,17,44,2,9,31,4
2013-09-16,1,15,21,33,11,13,22
2013-09-19,3,7,14,35,9,19,20
2013-09-23,1,16,21,41,7,18,36
2013-09-26,6,14,15,32,16,27,31
2013-09-30,12,25,26,4,36,40,39
2013-10-03,21,24,25,41,29,2,19
2013-10-07,8,32,44,22,36,39,4
2013-10-10,12,17,25,34,44,29,13
2013-10-14,1,6,23,44,11,37,19
2013-10-17,12,16,30,42,28,31,36
2013-10-21,7,42,3,2,11,19,45
2013-10-24,1,16,38,8,31,39,45
2013-10-28,1,32,8,11,22,28,31
2013-10-31,6,10,34,2,27,31,20
2013-11-04,15,21,24,34,44,29,37
2013-11-07,16,24,29,4,18,28,45
2013-11-11,8,16,26,29,42,13,40
2013-11-14,1,5,30,16,9,28,39
2013-11-18,5,7,13,19,22,45,18
2013-11-21,8,12,32,6,9,18,22
2013-11-25,17,24,41,42,43,4,28
2013-11-28,15,21,35,43,20,28,39
2013-12-02,1,16,33,38,13,22,27
2013-12-05,15,23,42,44,20,40,22
2013-12-09,8,15,23,25,16,2,22
2013-12-12,3,5,23,34,17,31,39
2013-12-16,14,17,25,27,28,40,9
2013-12-19,8,15,32,43,6,11,27
2013-12-23,3,5,23,25,14,9,31
2013-12-26,38,43,44,2,18,20,28
2013-12-30,14,17,32,41,27,28,36
2014-01-06,10,17,42,23,27,28,45
2014-01-09,7,8,33,43,4,36,9
2014-01-13,3,25,33,42,10,36,45
2014-01-16,26,34,41,27,39,45,28
2014-01-20,1,12,32,33,26,27,36
2014-01-27,6,24,29,43,27,40,4
2014-01-30,5,12,32,38,26,20,37
2014-02-03,6,14,44,32,22,31,36
2014-02-06,5,14,43,22,27,40,4
2014-02-10,10,15,17,4,22,31,11
2014-02-17,1,5,12,30,4,45,9
2014-02-20,14,15,23,33,44,34,20
2014-02-24,5,15,16,21,34,13,28
2014-02-27,33,41,44,10,13,37,40
2014-03-03,29,30,44,21,2,4,18
2014-03-06,7,8,24,29,42,26,4
2014-03-10,15,21,29,33,5,13,31
2014-03-13,3,7,6,20,36,39,45
2014-03-17,1,8,14,32,38,5,28
2014-03-20,3,7,21,25,33,11,39
2014-03-24,1,10,16,42,44,4,36
2014-03-27,5,8,15,16,21,26,9
2014-03-31,5,10,23,41,43,24,11
2014-04-03,10,17,24,11,19,27,37
2014-04-07,5,12,25,26,1,20,39
2014-04-10,14,34,35,17,18,19,36
2014-04-14,15,21,32,18,27,45,11
2014-04-17,8,16,21,33,5,11,40
2014-04-21,3,7,10,21,32,38,22
2014-04-24,5,8,42,20,27,39,40
2014-04-28,6,17,32,35,4,13,11
2014-05-01,6,10,29,23,11,13,45
2014-05-05,7,15,42,3,4,27,37
2014-05-08,1,32,34,41,11,18,45
2014-05-12,3,23,43,41,2,9,28
2014-05-15,5,8,21,26,43,15,27
2014-05-19,5,8,32,42,34,18,31
2014-05-26,8,10,14,17,34,32,37
2014-05-29,17,38,41,42,19,40,28
2014-06-02,23,35,41,9,19,39,45
2014-06-05,15,11,13,18,19,20,36
2014-06-09,10,12,14,26,33,6,40
2014-06-12,8,29,21,13,31,39,40
2014-06-16,1,34,44,43,19,22,31
2014-06-19,7,43,4,11,27,39,37
2014-06-23,29,30,35,38,10,4,37
2014-06-26,17,25,29,34,44,38,39
2014-06-30,12,26,2,9,11,22,37
2014-07-03,8,24,26,43,29,28,40
2014-07-07,21,29,38,44,10,9,45
2014-07-10,5,16,32,43,15,11,37
2014-07-14,3,6,23,24,2,19,31
2014-07-17,6,35,38,34,11,20,28
2014-07-21,21,25,32,33,22,36,40
2014-07-24,1,5,16,34,38,45,13
2014-07-28,12,16,23,10,11,22,27
2014-08-04,3,7,30,44,17,18,37
2014-08-07,3,8,17,33,4,19,9
2014-08-11,1,7,24,25,9,31,28
2014-08-14,15,16,32,34,44,41,19
2014-08-18,16,21,32,18,19,37,39
2014-08-21,3,16,42,4,18,19,13
2014-08-25,10,14,42,8,11,20,40
2014-08-28,24,43,17,13,19,20,39
2014-09-01,32,44,10,4,9,37,40
2014-09-04,15,16,17,42,30,27,31
2014-09-08,3,14,30,42,41,22,37
2014-09-11,33,23,2,13,18,19,36
2014-09-15,5,6,14,30,22,39,18
2014-09-18,6,10,21,23,42,2,20
2014-09-22,17,29,9,18,27,36,31
2014-09-25,12,15,21,26,29,7,36
2014-09-29,8,21,12,13,22,28,37
2014-10-02,1,6,26,41,10,40,45
2014-10-06,5,12,25,33,34,13,45
2014-10-09,12,25,34,47,15,11,28
2014-10-13,43,41,19,28,31,45,48
2014-10-16,34,44,35,4,9,31,40
2014-10-20,8,17,21,41,49,35,11
2014-10-23,5,25,33,34,32,22,28
2014-10-27,5,38,42,44,41,20,27
2014-10-30,12,26,42,23,19,45,46
2014-11-03,32,38,47,7,31,39,40
2014-11-06,24,38,47,2,22,46,9
2014-11-10,16,29,33,42,34,2,19
2014-11-13,15,17,23,49,3,9,27
2014-11-17,10,15,8,2,11,40,46
2014-11-20,3,5,25,16,2,19,36
2014-11-24,6,14,43,35,4,20,36
2014-11-27,5,44,49,24,9,18,28
2014-12-01,1,6,7,23,30,16,45
2014-12-04,10,17,24,35,31,37,40
2014-12-08,17,21,29,47,28,39,46
2014-12-11,26,33,38,12,19,37,40
2014-12-15,5,12,16,26,23,22,46
2014-12-18,21,30,42,9,11,13,27
2014-12-22,5,10,32,38,44,12,19
2014-12-25,1,5,15,24,25,42,46
